/*
Navicat MySQL Data Transfer

Source Server         : con1
Source Server Version : 50716
Source Host           : localhost:3306
Source Database       : movietime

Target Server Type    : MYSQL
Target Server Version : 50716
File Encoding         : 65001

Date: 2017-06-09 21:19:54
*/

SET FOREIGN_KEY_CHECKS=0;

-- ----------------------------
-- Table structure for movie
-- ----------------------------
DROP TABLE IF EXISTS `movie`;
CREATE TABLE `movie` (
  `id` bigint(20) NOT NULL AUTO_INCREMENT,
  `name` varchar(255) DEFAULT NULL,
  `poster_path` varchar(255) DEFAULT NULL,
  `banner_path` varchar(255) DEFAULT NULL,
  `release_date` varchar(255) DEFAULT NULL,
  `duration` varchar(255) DEFAULT NULL,
  `director` varchar(255) DEFAULT NULL,
  `language` varchar(255) DEFAULT NULL,
  `genre` varchar(255) DEFAULT NULL,
  `cast_and_crew` varchar(255) DEFAULT NULL,
  PRIMARY KEY (`id`)
) ENGINE=InnoDB AUTO_INCREMENT=11 DEFAULT CHARSET=utf8;

-- ----------------------------
-- Records of movie
-- ----------------------------
INSERT INTO `movie` VALUES ('1', 'The Matrix', '/images/The Matrix.jpg', '/images/The MatrixB.jpg', '1995-01-01', '3 hour', 'Apple', 'English', 'SciFic', 'StarA');
INSERT INTO `movie` VALUES ('2', 'The Hobbit', '/images/The Hobbit.jpg', '/images/The HobbitB.jpg', '2006-05-01', '4 hour', 'SonPie', 'English', 'Fantasy', 'StarHB');
INSERT INTO `movie` VALUES ('3', 'Lord of the rings', '/images/Lord of the rings.jpg', '/images/Lord of the ringsB.jpg', '2001-01-17', '4 hour', 'Pie', 'English', 'Fantasy', 'StarH');
INSERT INTO `movie` VALUES ('4', 'Pirates of the Caribbean', '/images/Pirates of the Caribbean.jpg', null, '1996-01-01', '3 hour', 'Banana', 'English', 'Fantasy', 'StarS');
INSERT INTO `movie` VALUES ('5', 'Chibi', '/images/Chibi.jpg', null, '2008-08-08', '2 hour', 'Chi', 'Chinese', 'History', 'StarCH');
INSERT INTO `movie` VALUES ('6', 'Kingsman', '/images/Kingsman.jpg', null, '2009-09-03', '3 hour', 'Eg', 'English', 'Action', 'StarEg');
INSERT INTO `movie` VALUES ('7', 'High School Musical', '/images/High School Musical.jpg', null, '2010-05-02', '3 hour', 'Am', 'English', 'Music', 'StarStu');
INSERT INTO `movie` VALUES ('8', 'Conan', '/images/Conan.jpg', null, '2017-07-07', '2 hour', 'AoYama', 'Japanese', 'Comic', 'Conan');
INSERT INTO `movie` VALUES ('9', 'Dead Game', '/images/Dead Game.jpg', null, '1977-07-05', '2 hour', 'Buruse Li', 'English', 'Action', 'Buruse Li');
INSERT INTO `movie` VALUES ('10', 'Doraemon', '/images/Doraemon.jpg', null, '2013-06-12', '2 hour', 'Oda', 'Japanese', 'Comic', 'StarJP');

-- ----------------------------
-- Table structure for seat
-- ----------------------------
DROP TABLE IF EXISTS `seat`;
CREATE TABLE `seat` (
  `show_id` int(11) NOT NULL,
  `row` int(11) NOT NULL,
  `col` int(11) NOT NULL,
  `is_booked` tinyint(4) DEFAULT NULL,
  PRIMARY KEY (`show_id`,`row`,`col`)
) ENGINE=InnoDB DEFAULT CHARSET=utf8 ROW_FORMAT=DYNAMIC;

-- ----------------------------
-- Records of seat
-- ----------------------------
INSERT INTO `seat` VALUES ('1', '1', '1', '0');
INSERT INTO `seat` VALUES ('1', '1', '2', '0');
INSERT INTO `seat` VALUES ('1', '1', '3', '0');
INSERT INTO `seat` VALUES ('1', '1', '4', '0');
INSERT INTO `seat` VALUES ('1', '1', '5', '0');
INSERT INTO `seat` VALUES ('1', '1', '6', '0');
INSERT INTO `seat` VALUES ('1', '1', '7', '0');
INSERT INTO `seat` VALUES ('1', '1', '8', '0');
INSERT INTO `seat` VALUES ('1', '2', '1', '0');
INSERT INTO `seat` VALUES ('1', '2', '2', '0');
INSERT INTO `seat` VALUES ('1', '2', '3', '0');
INSERT INTO `seat` VALUES ('1', '2', '4', '0');
INSERT INTO `seat` VALUES ('1', '2', '5', '0');
INSERT INTO `seat` VALUES ('1', '2', '6', '0');
INSERT INTO `seat` VALUES ('1', '2', '7', '0');
INSERT INTO `seat` VALUES ('1', '2', '8', '0');
INSERT INTO `seat` VALUES ('1', '3', '1', '0');
INSERT INTO `seat` VALUES ('1', '3', '2', '0');
INSERT INTO `seat` VALUES ('1', '3', '3', '0');
INSERT INTO `seat` VALUES ('1', '3', '4', '0');
INSERT INTO `seat` VALUES ('1', '3', '5', '0');
INSERT INTO `seat` VALUES ('1', '3', '6', '0');
INSERT INTO `seat` VALUES ('1', '3', '7', '0');
INSERT INTO `seat` VALUES ('1', '3', '8', '0');
INSERT INTO `seat` VALUES ('1', '4', '1', '0');
INSERT INTO `seat` VALUES ('1', '4', '2', '0');
INSERT INTO `seat` VALUES ('1', '4', '3', '0');
INSERT INTO `seat` VALUES ('1', '4', '4', '0');
INSERT INTO `seat` VALUES ('1', '4', '5', '0');
INSERT INTO `seat` VALUES ('1', '4', '6', '0');
INSERT INTO `seat` VALUES ('1', '4', '7', '0');
INSERT INTO `seat` VALUES ('1', '4', '8', '0');
INSERT INTO `seat` VALUES ('1', '5', '1', '0');
INSERT INTO `seat` VALUES ('1', '5', '2', '0');
INSERT INTO `seat` VALUES ('1', '5', '3', '0');
INSERT INTO `seat` VALUES ('1', '5', '4', '0');
INSERT INTO `seat` VALUES ('1', '5', '5', '0');
INSERT INTO `seat` VALUES ('1', '5', '6', '0');
INSERT INTO `seat` VALUES ('1', '5', '7', '0');
INSERT INTO `seat` VALUES ('1', '5', '8', '0');
INSERT INTO `seat` VALUES ('1', '6', '1', '0');
INSERT INTO `seat` VALUES ('1', '6', '2', '0');
INSERT INTO `seat` VALUES ('1', '6', '3', '0');
INSERT INTO `seat` VALUES ('1', '6', '4', '0');
INSERT INTO `seat` VALUES ('1', '6', '5', '0');
INSERT INTO `seat` VALUES ('1', '6', '6', '0');
INSERT INTO `seat` VALUES ('1', '6', '7', '0');
INSERT INTO `seat` VALUES ('1', '6', '8', '0');
INSERT INTO `seat` VALUES ('1', '7', '1', '0');
INSERT INTO `seat` VALUES ('1', '7', '2', '0');
INSERT INTO `seat` VALUES ('1', '7', '3', '0');
INSERT INTO `seat` VALUES ('1', '7', '4', '0');
INSERT INTO `seat` VALUES ('1', '7', '5', '0');
INSERT INTO `seat` VALUES ('1', '7', '6', '0');
INSERT INTO `seat` VALUES ('1', '7', '7', '0');
INSERT INTO `seat` VALUES ('1', '7', '8', '0');
INSERT INTO `seat` VALUES ('1', '8', '1', '0');
INSERT INTO `seat` VALUES ('1', '8', '2', '0');
INSERT INTO `seat` VALUES ('1', '8', '3', '0');
INSERT INTO `seat` VALUES ('1', '8', '4', '0');
INSERT INTO `seat` VALUES ('1', '8', '5', '0');
INSERT INTO `seat` VALUES ('1', '8', '6', '0');
INSERT INTO `seat` VALUES ('1', '8', '7', '0');
INSERT INTO `seat` VALUES ('1', '8', '8', '0');
INSERT INTO `seat` VALUES ('2', '1', '1', '0');
INSERT INTO `seat` VALUES ('2', '1', '2', '0');
INSERT INTO `seat` VALUES ('2', '1', '3', '0');
INSERT INTO `seat` VALUES ('2', '1', '4', '0');
INSERT INTO `seat` VALUES ('2', '1', '5', '0');
INSERT INTO `seat` VALUES ('2', '1', '6', '0');
INSERT INTO `seat` VALUES ('2', '1', '7', '0');
INSERT INTO `seat` VALUES ('2', '1', '8', '0');
INSERT INTO `seat` VALUES ('2', '2', '1', '0');
INSERT INTO `seat` VALUES ('2', '2', '2', '0');
INSERT INTO `seat` VALUES ('2', '2', '3', '0');
INSERT INTO `seat` VALUES ('2', '2', '4', '0');
INSERT INTO `seat` VALUES ('2', '2', '5', '0');
INSERT INTO `seat` VALUES ('2', '2', '6', '0');
INSERT INTO `seat` VALUES ('2', '2', '7', '0');
INSERT INTO `seat` VALUES ('2', '2', '8', '0');
INSERT INTO `seat` VALUES ('2', '3', '1', '0');
INSERT INTO `seat` VALUES ('2', '3', '2', '0');
INSERT INTO `seat` VALUES ('2', '3', '3', '0');
INSERT INTO `seat` VALUES ('2', '3', '4', '0');
INSERT INTO `seat` VALUES ('2', '3', '5', '0');
INSERT INTO `seat` VALUES ('2', '3', '6', '0');
INSERT INTO `seat` VALUES ('2', '3', '7', '0');
INSERT INTO `seat` VALUES ('2', '3', '8', '0');
INSERT INTO `seat` VALUES ('2', '4', '1', '0');
INSERT INTO `seat` VALUES ('2', '4', '2', '0');
INSERT INTO `seat` VALUES ('2', '4', '3', '0');
INSERT INTO `seat` VALUES ('2', '4', '4', '0');
INSERT INTO `seat` VALUES ('2', '4', '5', '0');
INSERT INTO `seat` VALUES ('2', '4', '6', '0');
INSERT INTO `seat` VALUES ('2', '4', '7', '0');
INSERT INTO `seat` VALUES ('2', '4', '8', '0');
INSERT INTO `seat` VALUES ('2', '5', '1', '0');
INSERT INTO `seat` VALUES ('2', '5', '2', '0');
INSERT INTO `seat` VALUES ('2', '5', '3', '0');
INSERT INTO `seat` VALUES ('2', '5', '4', '0');
INSERT INTO `seat` VALUES ('2', '5', '5', '0');
INSERT INTO `seat` VALUES ('2', '5', '6', '0');
INSERT INTO `seat` VALUES ('2', '5', '7', '0');
INSERT INTO `seat` VALUES ('2', '5', '8', '0');
INSERT INTO `seat` VALUES ('2', '6', '1', '0');
INSERT INTO `seat` VALUES ('2', '6', '2', '0');
INSERT INTO `seat` VALUES ('2', '6', '3', '0');
INSERT INTO `seat` VALUES ('2', '6', '4', '0');
INSERT INTO `seat` VALUES ('2', '6', '5', '0');
INSERT INTO `seat` VALUES ('2', '6', '6', '0');
INSERT INTO `seat` VALUES ('2', '6', '7', '0');
INSERT INTO `seat` VALUES ('2', '6', '8', '0');
INSERT INTO `seat` VALUES ('2', '7', '1', '0');
INSERT INTO `seat` VALUES ('2', '7', '2', '0');
INSERT INTO `seat` VALUES ('2', '7', '3', '0');
INSERT INTO `seat` VALUES ('2', '7', '4', '0');
INSERT INTO `seat` VALUES ('2', '7', '5', '0');
INSERT INTO `seat` VALUES ('2', '7', '6', '0');
INSERT INTO `seat` VALUES ('2', '7', '7', '0');
INSERT INTO `seat` VALUES ('2', '7', '8', '0');
INSERT INTO `seat` VALUES ('2', '8', '1', '0');
INSERT INTO `seat` VALUES ('2', '8', '2', '0');
INSERT INTO `seat` VALUES ('2', '8', '3', '0');
INSERT INTO `seat` VALUES ('2', '8', '4', '0');
INSERT INTO `seat` VALUES ('2', '8', '5', '0');
INSERT INTO `seat` VALUES ('2', '8', '6', '0');
INSERT INTO `seat` VALUES ('2', '8', '7', '0');
INSERT INTO `seat` VALUES ('2', '8', '8', '0');
INSERT INTO `seat` VALUES ('3', '1', '1', '0');
INSERT INTO `seat` VALUES ('3', '1', '2', '0');
INSERT INTO `seat` VALUES ('3', '1', '3', '0');
INSERT INTO `seat` VALUES ('3', '1', '4', '0');
INSERT INTO `seat` VALUES ('3', '1', '5', '0');
INSERT INTO `seat` VALUES ('3', '1', '6', '0');
INSERT INTO `seat` VALUES ('3', '1', '7', '0');
INSERT INTO `seat` VALUES ('3', '1', '8', '0');
INSERT INTO `seat` VALUES ('3', '2', '1', '0');
INSERT INTO `seat` VALUES ('3', '2', '2', '0');
INSERT INTO `seat` VALUES ('3', '2', '3', '0');
INSERT INTO `seat` VALUES ('3', '2', '4', '0');
INSERT INTO `seat` VALUES ('3', '2', '5', '0');
INSERT INTO `seat` VALUES ('3', '2', '6', '0');
INSERT INTO `seat` VALUES ('3', '2', '7', '0');
INSERT INTO `seat` VALUES ('3', '2', '8', '0');
INSERT INTO `seat` VALUES ('3', '3', '1', '0');
INSERT INTO `seat` VALUES ('3', '3', '2', '0');
INSERT INTO `seat` VALUES ('3', '3', '3', '0');
INSERT INTO `seat` VALUES ('3', '3', '4', '0');
INSERT INTO `seat` VALUES ('3', '3', '5', '0');
INSERT INTO `seat` VALUES ('3', '3', '6', '0');
INSERT INTO `seat` VALUES ('3', '3', '7', '0');
INSERT INTO `seat` VALUES ('3', '3', '8', '0');
INSERT INTO `seat` VALUES ('3', '4', '1', '0');
INSERT INTO `seat` VALUES ('3', '4', '2', '0');
INSERT INTO `seat` VALUES ('3', '4', '3', '0');
INSERT INTO `seat` VALUES ('3', '4', '4', '0');
INSERT INTO `seat` VALUES ('3', '4', '5', '0');
INSERT INTO `seat` VALUES ('3', '4', '6', '0');
INSERT INTO `seat` VALUES ('3', '4', '7', '0');
INSERT INTO `seat` VALUES ('3', '4', '8', '0');
INSERT INTO `seat` VALUES ('3', '5', '1', '0');
INSERT INTO `seat` VALUES ('3', '5', '2', '0');
INSERT INTO `seat` VALUES ('3', '5', '3', '0');
INSERT INTO `seat` VALUES ('3', '5', '4', '0');
INSERT INTO `seat` VALUES ('3', '5', '5', '0');
INSERT INTO `seat` VALUES ('3', '5', '6', '0');
INSERT INTO `seat` VALUES ('3', '5', '7', '0');
INSERT INTO `seat` VALUES ('3', '5', '8', '0');
INSERT INTO `seat` VALUES ('3', '6', '1', '0');
INSERT INTO `seat` VALUES ('3', '6', '2', '0');
INSERT INTO `seat` VALUES ('3', '6', '3', '0');
INSERT INTO `seat` VALUES ('3', '6', '4', '0');
INSERT INTO `seat` VALUES ('3', '6', '5', '0');
INSERT INTO `seat` VALUES ('3', '6', '6', '0');
INSERT INTO `seat` VALUES ('3', '6', '7', '0');
INSERT INTO `seat` VALUES ('3', '6', '8', '0');
INSERT INTO `seat` VALUES ('3', '7', '1', '0');
INSERT INTO `seat` VALUES ('3', '7', '2', '0');
INSERT INTO `seat` VALUES ('3', '7', '3', '0');
INSERT INTO `seat` VALUES ('3', '7', '4', '0');
INSERT INTO `seat` VALUES ('3', '7', '5', '0');
INSERT INTO `seat` VALUES ('3', '7', '6', '0');
INSERT INTO `seat` VALUES ('3', '7', '7', '0');
INSERT INTO `seat` VALUES ('3', '7', '8', '0');
INSERT INTO `seat` VALUES ('3', '8', '1', '0');
INSERT INTO `seat` VALUES ('3', '8', '2', '0');
INSERT INTO `seat` VALUES ('3', '8', '3', '0');
INSERT INTO `seat` VALUES ('3', '8', '4', '0');
INSERT INTO `seat` VALUES ('3', '8', '5', '0');
INSERT INTO `seat` VALUES ('3', '8', '6', '0');
INSERT INTO `seat` VALUES ('3', '8', '7', '0');
INSERT INTO `seat` VALUES ('3', '8', '8', '0');
INSERT INTO `seat` VALUES ('4', '1', '1', '0');
INSERT INTO `seat` VALUES ('4', '1', '2', '0');
INSERT INTO `seat` VALUES ('4', '1', '3', '0');
INSERT INTO `seat` VALUES ('4', '1', '4', '0');
INSERT INTO `seat` VALUES ('4', '1', '5', '0');
INSERT INTO `seat` VALUES ('4', '1', '6', '0');
INSERT INTO `seat` VALUES ('4', '1', '7', '0');
INSERT INTO `seat` VALUES ('4', '1', '8', '0');
INSERT INTO `seat` VALUES ('4', '2', '1', '0');
INSERT INTO `seat` VALUES ('4', '2', '2', '0');
INSERT INTO `seat` VALUES ('4', '2', '3', '0');
INSERT INTO `seat` VALUES ('4', '2', '4', '0');
INSERT INTO `seat` VALUES ('4', '2', '5', '0');
INSERT INTO `seat` VALUES ('4', '2', '6', '0');
INSERT INTO `seat` VALUES ('4', '2', '7', '0');
INSERT INTO `seat` VALUES ('4', '2', '8', '0');
INSERT INTO `seat` VALUES ('4', '3', '1', '0');
INSERT INTO `seat` VALUES ('4', '3', '2', '0');
INSERT INTO `seat` VALUES ('4', '3', '3', '0');
INSERT INTO `seat` VALUES ('4', '3', '4', '0');
INSERT INTO `seat` VALUES ('4', '3', '5', '0');
INSERT INTO `seat` VALUES ('4', '3', '6', '0');
INSERT INTO `seat` VALUES ('4', '3', '7', '0');
INSERT INTO `seat` VALUES ('4', '3', '8', '0');
INSERT INTO `seat` VALUES ('4', '4', '1', '0');
INSERT INTO `seat` VALUES ('4', '4', '2', '0');
INSERT INTO `seat` VALUES ('4', '4', '3', '0');
INSERT INTO `seat` VALUES ('4', '4', '4', '0');
INSERT INTO `seat` VALUES ('4', '4', '5', '0');
INSERT INTO `seat` VALUES ('4', '4', '6', '0');
INSERT INTO `seat` VALUES ('4', '4', '7', '0');
INSERT INTO `seat` VALUES ('4', '4', '8', '0');
INSERT INTO `seat` VALUES ('4', '5', '1', '0');
INSERT INTO `seat` VALUES ('4', '5', '2', '0');
INSERT INTO `seat` VALUES ('4', '5', '3', '0');
INSERT INTO `seat` VALUES ('4', '5', '4', '0');
INSERT INTO `seat` VALUES ('4', '5', '5', '0');
INSERT INTO `seat` VALUES ('4', '5', '6', '0');
INSERT INTO `seat` VALUES ('4', '5', '7', '0');
INSERT INTO `seat` VALUES ('4', '5', '8', '0');
INSERT INTO `seat` VALUES ('4', '6', '1', '0');
INSERT INTO `seat` VALUES ('4', '6', '2', '0');
INSERT INTO `seat` VALUES ('4', '6', '3', '0');
INSERT INTO `seat` VALUES ('4', '6', '4', '0');
INSERT INTO `seat` VALUES ('4', '6', '5', '0');
INSERT INTO `seat` VALUES ('4', '6', '6', '0');
INSERT INTO `seat` VALUES ('4', '6', '7', '0');
INSERT INTO `seat` VALUES ('4', '6', '8', '0');
INSERT INTO `seat` VALUES ('4', '7', '1', '0');
INSERT INTO `seat` VALUES ('4', '7', '2', '0');
INSERT INTO `seat` VALUES ('4', '7', '3', '0');
INSERT INTO `seat` VALUES ('4', '7', '4', '0');
INSERT INTO `seat` VALUES ('4', '7', '5', '0');
INSERT INTO `seat` VALUES ('4', '7', '6', '0');
INSERT INTO `seat` VALUES ('4', '7', '7', '0');
INSERT INTO `seat` VALUES ('4', '7', '8', '0');
INSERT INTO `seat` VALUES ('4', '8', '1', '0');
INSERT INTO `seat` VALUES ('4', '8', '2', '0');
INSERT INTO `seat` VALUES ('4', '8', '3', '0');
INSERT INTO `seat` VALUES ('4', '8', '4', '0');
INSERT INTO `seat` VALUES ('4', '8', '5', '0');
INSERT INTO `seat` VALUES ('4', '8', '6', '0');
INSERT INTO `seat` VALUES ('4', '8', '7', '0');
INSERT INTO `seat` VALUES ('4', '8', '8', '0');
INSERT INTO `seat` VALUES ('5', '1', '1', '0');
INSERT INTO `seat` VALUES ('5', '1', '2', '0');
INSERT INTO `seat` VALUES ('5', '1', '3', '0');
INSERT INTO `seat` VALUES ('5', '1', '4', '0');
INSERT INTO `seat` VALUES ('5', '1', '5', '0');
INSERT INTO `seat` VALUES ('5', '1', '6', '0');
INSERT INTO `seat` VALUES ('5', '1', '7', '0');
INSERT INTO `seat` VALUES ('5', '1', '8', '0');
INSERT INTO `seat` VALUES ('5', '2', '1', '0');
INSERT INTO `seat` VALUES ('5', '2', '2', '0');
INSERT INTO `seat` VALUES ('5', '2', '3', '0');
INSERT INTO `seat` VALUES ('5', '2', '4', '0');
INSERT INTO `seat` VALUES ('5', '2', '5', '0');
INSERT INTO `seat` VALUES ('5', '2', '6', '0');
INSERT INTO `seat` VALUES ('5', '2', '7', '0');
INSERT INTO `seat` VALUES ('5', '2', '8', '0');
INSERT INTO `seat` VALUES ('5', '3', '1', '0');
INSERT INTO `seat` VALUES ('5', '3', '2', '0');
INSERT INTO `seat` VALUES ('5', '3', '3', '0');
INSERT INTO `seat` VALUES ('5', '3', '4', '0');
INSERT INTO `seat` VALUES ('5', '3', '5', '0');
INSERT INTO `seat` VALUES ('5', '3', '6', '0');
INSERT INTO `seat` VALUES ('5', '3', '7', '0');
INSERT INTO `seat` VALUES ('5', '3', '8', '0');
INSERT INTO `seat` VALUES ('5', '4', '1', '0');
INSERT INTO `seat` VALUES ('5', '4', '2', '0');
INSERT INTO `seat` VALUES ('5', '4', '3', '0');
INSERT INTO `seat` VALUES ('5', '4', '4', '0');
INSERT INTO `seat` VALUES ('5', '4', '5', '0');
INSERT INTO `seat` VALUES ('5', '4', '6', '0');
INSERT INTO `seat` VALUES ('5', '4', '7', '0');
INSERT INTO `seat` VALUES ('5', '4', '8', '0');
INSERT INTO `seat` VALUES ('5', '5', '1', '0');
INSERT INTO `seat` VALUES ('5', '5', '2', '0');
INSERT INTO `seat` VALUES ('5', '5', '3', '0');
INSERT INTO `seat` VALUES ('5', '5', '4', '0');
INSERT INTO `seat` VALUES ('5', '5', '5', '0');
INSERT INTO `seat` VALUES ('5', '5', '6', '0');
INSERT INTO `seat` VALUES ('5', '5', '7', '0');
INSERT INTO `seat` VALUES ('5', '5', '8', '0');
INSERT INTO `seat` VALUES ('5', '6', '1', '0');
INSERT INTO `seat` VALUES ('5', '6', '2', '0');
INSERT INTO `seat` VALUES ('5', '6', '3', '0');
INSERT INTO `seat` VALUES ('5', '6', '4', '0');
INSERT INTO `seat` VALUES ('5', '6', '5', '0');
INSERT INTO `seat` VALUES ('5', '6', '6', '0');
INSERT INTO `seat` VALUES ('5', '6', '7', '0');
INSERT INTO `seat` VALUES ('5', '6', '8', '0');
INSERT INTO `seat` VALUES ('5', '7', '1', '0');
INSERT INTO `seat` VALUES ('5', '7', '2', '0');
INSERT INTO `seat` VALUES ('5', '7', '3', '0');
INSERT INTO `seat` VALUES ('5', '7', '4', '0');
INSERT INTO `seat` VALUES ('5', '7', '5', '0');
INSERT INTO `seat` VALUES ('5', '7', '6', '0');
INSERT INTO `seat` VALUES ('5', '7', '7', '0');
INSERT INTO `seat` VALUES ('5', '7', '8', '0');
INSERT INTO `seat` VALUES ('5', '8', '1', '0');
INSERT INTO `seat` VALUES ('5', '8', '2', '0');
INSERT INTO `seat` VALUES ('5', '8', '3', '0');
INSERT INTO `seat` VALUES ('5', '8', '4', '0');
INSERT INTO `seat` VALUES ('5', '8', '5', '0');
INSERT INTO `seat` VALUES ('5', '8', '6', '0');
INSERT INTO `seat` VALUES ('5', '8', '7', '0');
INSERT INTO `seat` VALUES ('5', '8', '8', '0');
INSERT INTO `seat` VALUES ('6', '1', '1', '0');
INSERT INTO `seat` VALUES ('6', '1', '2', '0');
INSERT INTO `seat` VALUES ('6', '1', '3', '0');
INSERT INTO `seat` VALUES ('6', '1', '4', '0');
INSERT INTO `seat` VALUES ('6', '1', '5', '0');
INSERT INTO `seat` VALUES ('6', '1', '6', '0');
INSERT INTO `seat` VALUES ('6', '1', '7', '0');
INSERT INTO `seat` VALUES ('6', '1', '8', '0');
INSERT INTO `seat` VALUES ('6', '2', '1', '0');
INSERT INTO `seat` VALUES ('6', '2', '2', '0');
INSERT INTO `seat` VALUES ('6', '2', '3', '0');
INSERT INTO `seat` VALUES ('6', '2', '4', '0');
INSERT INTO `seat` VALUES ('6', '2', '5', '0');
INSERT INTO `seat` VALUES ('6', '2', '6', '0');
INSERT INTO `seat` VALUES ('6', '2', '7', '0');
INSERT INTO `seat` VALUES ('6', '2', '8', '0');
INSERT INTO `seat` VALUES ('6', '3', '1', '0');
INSERT INTO `seat` VALUES ('6', '3', '2', '0');
INSERT INTO `seat` VALUES ('6', '3', '3', '0');
INSERT INTO `seat` VALUES ('6', '3', '4', '0');
INSERT INTO `seat` VALUES ('6', '3', '5', '0');
INSERT INTO `seat` VALUES ('6', '3', '6', '0');
INSERT INTO `seat` VALUES ('6', '3', '7', '0');
INSERT INTO `seat` VALUES ('6', '3', '8', '0');
INSERT INTO `seat` VALUES ('6', '4', '1', '0');
INSERT INTO `seat` VALUES ('6', '4', '2', '0');
INSERT INTO `seat` VALUES ('6', '4', '3', '0');
INSERT INTO `seat` VALUES ('6', '4', '4', '0');
INSERT INTO `seat` VALUES ('6', '4', '5', '0');
INSERT INTO `seat` VALUES ('6', '4', '6', '0');
INSERT INTO `seat` VALUES ('6', '4', '7', '0');
INSERT INTO `seat` VALUES ('6', '4', '8', '0');
INSERT INTO `seat` VALUES ('6', '5', '1', '0');
INSERT INTO `seat` VALUES ('6', '5', '2', '0');
INSERT INTO `seat` VALUES ('6', '5', '3', '0');
INSERT INTO `seat` VALUES ('6', '5', '4', '0');
INSERT INTO `seat` VALUES ('6', '5', '5', '0');
INSERT INTO `seat` VALUES ('6', '5', '6', '0');
INSERT INTO `seat` VALUES ('6', '5', '7', '0');
INSERT INTO `seat` VALUES ('6', '5', '8', '0');
INSERT INTO `seat` VALUES ('6', '6', '1', '0');
INSERT INTO `seat` VALUES ('6', '6', '2', '0');
INSERT INTO `seat` VALUES ('6', '6', '3', '0');
INSERT INTO `seat` VALUES ('6', '6', '4', '0');
INSERT INTO `seat` VALUES ('6', '6', '5', '0');
INSERT INTO `seat` VALUES ('6', '6', '6', '0');
INSERT INTO `seat` VALUES ('6', '6', '7', '0');
INSERT INTO `seat` VALUES ('6', '6', '8', '0');
INSERT INTO `seat` VALUES ('6', '7', '1', '0');
INSERT INTO `seat` VALUES ('6', '7', '2', '0');
INSERT INTO `seat` VALUES ('6', '7', '3', '0');
INSERT INTO `seat` VALUES ('6', '7', '4', '0');
INSERT INTO `seat` VALUES ('6', '7', '5', '0');
INSERT INTO `seat` VALUES ('6', '7', '6', '0');
INSERT INTO `seat` VALUES ('6', '7', '7', '0');
INSERT INTO `seat` VALUES ('6', '7', '8', '0');
INSERT INTO `seat` VALUES ('6', '8', '1', '0');
INSERT INTO `seat` VALUES ('6', '8', '2', '0');
INSERT INTO `seat` VALUES ('6', '8', '3', '0');
INSERT INTO `seat` VALUES ('6', '8', '4', '0');
INSERT INTO `seat` VALUES ('6', '8', '5', '0');
INSERT INTO `seat` VALUES ('6', '8', '6', '0');
INSERT INTO `seat` VALUES ('6', '8', '7', '0');
INSERT INTO `seat` VALUES ('6', '8', '8', '0');
INSERT INTO `seat` VALUES ('7', '1', '1', '0');
INSERT INTO `seat` VALUES ('7', '1', '2', '0');
INSERT INTO `seat` VALUES ('7', '1', '3', '0');
INSERT INTO `seat` VALUES ('7', '1', '4', '0');
INSERT INTO `seat` VALUES ('7', '1', '5', '0');
INSERT INTO `seat` VALUES ('7', '1', '6', '0');
INSERT INTO `seat` VALUES ('7', '1', '7', '0');
INSERT INTO `seat` VALUES ('7', '1', '8', '0');
INSERT INTO `seat` VALUES ('7', '2', '1', '0');
INSERT INTO `seat` VALUES ('7', '2', '2', '0');
INSERT INTO `seat` VALUES ('7', '2', '3', '0');
INSERT INTO `seat` VALUES ('7', '2', '4', '0');
INSERT INTO `seat` VALUES ('7', '2', '5', '0');
INSERT INTO `seat` VALUES ('7', '2', '6', '0');
INSERT INTO `seat` VALUES ('7', '2', '7', '0');
INSERT INTO `seat` VALUES ('7', '2', '8', '0');
INSERT INTO `seat` VALUES ('7', '3', '1', '0');
INSERT INTO `seat` VALUES ('7', '3', '2', '0');
INSERT INTO `seat` VALUES ('7', '3', '3', '0');
INSERT INTO `seat` VALUES ('7', '3', '4', '0');
INSERT INTO `seat` VALUES ('7', '3', '5', '0');
INSERT INTO `seat` VALUES ('7', '3', '6', '0');
INSERT INTO `seat` VALUES ('7', '3', '7', '0');
INSERT INTO `seat` VALUES ('7', '3', '8', '0');
INSERT INTO `seat` VALUES ('7', '4', '1', '0');
INSERT INTO `seat` VALUES ('7', '4', '2', '0');
INSERT INTO `seat` VALUES ('7', '4', '3', '0');
INSERT INTO `seat` VALUES ('7', '4', '4', '0');
INSERT INTO `seat` VALUES ('7', '4', '5', '0');
INSERT INTO `seat` VALUES ('7', '4', '6', '0');
INSERT INTO `seat` VALUES ('7', '4', '7', '0');
INSERT INTO `seat` VALUES ('7', '4', '8', '0');
INSERT INTO `seat` VALUES ('7', '5', '1', '0');
INSERT INTO `seat` VALUES ('7', '5', '2', '0');
INSERT INTO `seat` VALUES ('7', '5', '3', '0');
INSERT INTO `seat` VALUES ('7', '5', '4', '0');
INSERT INTO `seat` VALUES ('7', '5', '5', '0');
INSERT INTO `seat` VALUES ('7', '5', '6', '0');
INSERT INTO `seat` VALUES ('7', '5', '7', '0');
INSERT INTO `seat` VALUES ('7', '5', '8', '0');
INSERT INTO `seat` VALUES ('7', '6', '1', '0');
INSERT INTO `seat` VALUES ('7', '6', '2', '0');
INSERT INTO `seat` VALUES ('7', '6', '3', '0');
INSERT INTO `seat` VALUES ('7', '6', '4', '0');
INSERT INTO `seat` VALUES ('7', '6', '5', '0');
INSERT INTO `seat` VALUES ('7', '6', '6', '0');
INSERT INTO `seat` VALUES ('7', '6', '7', '0');
INSERT INTO `seat` VALUES ('7', '6', '8', '0');
INSERT INTO `seat` VALUES ('7', '7', '1', '0');
INSERT INTO `seat` VALUES ('7', '7', '2', '0');
INSERT INTO `seat` VALUES ('7', '7', '3', '0');
INSERT INTO `seat` VALUES ('7', '7', '4', '0');
INSERT INTO `seat` VALUES ('7', '7', '5', '0');
INSERT INTO `seat` VALUES ('7', '7', '6', '0');
INSERT INTO `seat` VALUES ('7', '7', '7', '0');
INSERT INTO `seat` VALUES ('7', '7', '8', '0');
INSERT INTO `seat` VALUES ('7', '8', '1', '0');
INSERT INTO `seat` VALUES ('7', '8', '2', '0');
INSERT INTO `seat` VALUES ('7', '8', '3', '0');
INSERT INTO `seat` VALUES ('7', '8', '4', '0');
INSERT INTO `seat` VALUES ('7', '8', '5', '0');
INSERT INTO `seat` VALUES ('7', '8', '6', '0');
INSERT INTO `seat` VALUES ('7', '8', '7', '0');
INSERT INTO `seat` VALUES ('7', '8', '8', '0');
INSERT INTO `seat` VALUES ('8', '1', '1', '0');
INSERT INTO `seat` VALUES ('8', '1', '2', '0');
INSERT INTO `seat` VALUES ('8', '1', '3', '0');
INSERT INTO `seat` VALUES ('8', '1', '4', '0');
INSERT INTO `seat` VALUES ('8', '1', '5', '0');
INSERT INTO `seat` VALUES ('8', '1', '6', '0');
INSERT INTO `seat` VALUES ('8', '1', '7', '0');
INSERT INTO `seat` VALUES ('8', '1', '8', '0');
INSERT INTO `seat` VALUES ('8', '2', '1', '0');
INSERT INTO `seat` VALUES ('8', '2', '2', '0');
INSERT INTO `seat` VALUES ('8', '2', '3', '0');
INSERT INTO `seat` VALUES ('8', '2', '4', '0');
INSERT INTO `seat` VALUES ('8', '2', '5', '0');
INSERT INTO `seat` VALUES ('8', '2', '6', '0');
INSERT INTO `seat` VALUES ('8', '2', '7', '0');
INSERT INTO `seat` VALUES ('8', '2', '8', '0');
INSERT INTO `seat` VALUES ('8', '3', '1', '0');
INSERT INTO `seat` VALUES ('8', '3', '2', '0');
INSERT INTO `seat` VALUES ('8', '3', '3', '0');
INSERT INTO `seat` VALUES ('8', '3', '4', '0');
INSERT INTO `seat` VALUES ('8', '3', '5', '0');
INSERT INTO `seat` VALUES ('8', '3', '6', '0');
INSERT INTO `seat` VALUES ('8', '3', '7', '0');
INSERT INTO `seat` VALUES ('8', '3', '8', '0');
INSERT INTO `seat` VALUES ('8', '4', '1', '0');
INSERT INTO `seat` VALUES ('8', '4', '2', '0');
INSERT INTO `seat` VALUES ('8', '4', '3', '0');
INSERT INTO `seat` VALUES ('8', '4', '4', '0');
INSERT INTO `seat` VALUES ('8', '4', '5', '0');
INSERT INTO `seat` VALUES ('8', '4', '6', '0');
INSERT INTO `seat` VALUES ('8', '4', '7', '0');
INSERT INTO `seat` VALUES ('8', '4', '8', '0');
INSERT INTO `seat` VALUES ('8', '5', '1', '0');
INSERT INTO `seat` VALUES ('8', '5', '2', '0');
INSERT INTO `seat` VALUES ('8', '5', '3', '0');
INSERT INTO `seat` VALUES ('8', '5', '4', '0');
INSERT INTO `seat` VALUES ('8', '5', '5', '0');
INSERT INTO `seat` VALUES ('8', '5', '6', '0');
INSERT INTO `seat` VALUES ('8', '5', '7', '0');
INSERT INTO `seat` VALUES ('8', '5', '8', '0');
INSERT INTO `seat` VALUES ('8', '6', '1', '0');
INSERT INTO `seat` VALUES ('8', '6', '2', '0');
INSERT INTO `seat` VALUES ('8', '6', '3', '0');
INSERT INTO `seat` VALUES ('8', '6', '4', '0');
INSERT INTO `seat` VALUES ('8', '6', '5', '0');
INSERT INTO `seat` VALUES ('8', '6', '6', '0');
INSERT INTO `seat` VALUES ('8', '6', '7', '0');
INSERT INTO `seat` VALUES ('8', '6', '8', '0');
INSERT INTO `seat` VALUES ('8', '7', '1', '0');
INSERT INTO `seat` VALUES ('8', '7', '2', '0');
INSERT INTO `seat` VALUES ('8', '7', '3', '0');
INSERT INTO `seat` VALUES ('8', '7', '4', '0');
INSERT INTO `seat` VALUES ('8', '7', '5', '0');
INSERT INTO `seat` VALUES ('8', '7', '6', '0');
INSERT INTO `seat` VALUES ('8', '7', '7', '0');
INSERT INTO `seat` VALUES ('8', '7', '8', '0');
INSERT INTO `seat` VALUES ('8', '8', '1', '0');
INSERT INTO `seat` VALUES ('8', '8', '2', '0');
INSERT INTO `seat` VALUES ('8', '8', '3', '0');
INSERT INTO `seat` VALUES ('8', '8', '4', '0');
INSERT INTO `seat` VALUES ('8', '8', '5', '0');
INSERT INTO `seat` VALUES ('8', '8', '6', '0');
INSERT INTO `seat` VALUES ('8', '8', '7', '0');
INSERT INTO `seat` VALUES ('8', '8', '8', '0');
INSERT INTO `seat` VALUES ('9', '1', '1', '0');
INSERT INTO `seat` VALUES ('9', '1', '2', '0');
INSERT INTO `seat` VALUES ('9', '1', '3', '0');
INSERT INTO `seat` VALUES ('9', '1', '4', '0');
INSERT INTO `seat` VALUES ('9', '1', '5', '0');
INSERT INTO `seat` VALUES ('9', '1', '6', '0');
INSERT INTO `seat` VALUES ('9', '1', '7', '0');
INSERT INTO `seat` VALUES ('9', '1', '8', '0');
INSERT INTO `seat` VALUES ('9', '2', '1', '0');
INSERT INTO `seat` VALUES ('9', '2', '2', '0');
INSERT INTO `seat` VALUES ('9', '2', '3', '0');
INSERT INTO `seat` VALUES ('9', '2', '4', '0');
INSERT INTO `seat` VALUES ('9', '2', '5', '0');
INSERT INTO `seat` VALUES ('9', '2', '6', '0');
INSERT INTO `seat` VALUES ('9', '2', '7', '0');
INSERT INTO `seat` VALUES ('9', '2', '8', '0');
INSERT INTO `seat` VALUES ('9', '3', '1', '0');
INSERT INTO `seat` VALUES ('9', '3', '2', '0');
INSERT INTO `seat` VALUES ('9', '3', '3', '0');
INSERT INTO `seat` VALUES ('9', '3', '4', '0');
INSERT INTO `seat` VALUES ('9', '3', '5', '0');
INSERT INTO `seat` VALUES ('9', '3', '6', '0');
INSERT INTO `seat` VALUES ('9', '3', '7', '0');
INSERT INTO `seat` VALUES ('9', '3', '8', '0');
INSERT INTO `seat` VALUES ('9', '4', '1', '0');
INSERT INTO `seat` VALUES ('9', '4', '2', '0');
INSERT INTO `seat` VALUES ('9', '4', '3', '0');
INSERT INTO `seat` VALUES ('9', '4', '4', '0');
INSERT INTO `seat` VALUES ('9', '4', '5', '0');
INSERT INTO `seat` VALUES ('9', '4', '6', '0');
INSERT INTO `seat` VALUES ('9', '4', '7', '0');
INSERT INTO `seat` VALUES ('9', '4', '8', '0');
INSERT INTO `seat` VALUES ('9', '5', '1', '0');
INSERT INTO `seat` VALUES ('9', '5', '2', '0');
INSERT INTO `seat` VALUES ('9', '5', '3', '0');
INSERT INTO `seat` VALUES ('9', '5', '4', '0');
INSERT INTO `seat` VALUES ('9', '5', '5', '0');
INSERT INTO `seat` VALUES ('9', '5', '6', '0');
INSERT INTO `seat` VALUES ('9', '5', '7', '0');
INSERT INTO `seat` VALUES ('9', '5', '8', '0');
INSERT INTO `seat` VALUES ('9', '6', '1', '0');
INSERT INTO `seat` VALUES ('9', '6', '2', '0');
INSERT INTO `seat` VALUES ('9', '6', '3', '0');
INSERT INTO `seat` VALUES ('9', '6', '4', '0');
INSERT INTO `seat` VALUES ('9', '6', '5', '0');
INSERT INTO `seat` VALUES ('9', '6', '6', '0');
INSERT INTO `seat` VALUES ('9', '6', '7', '0');
INSERT INTO `seat` VALUES ('9', '6', '8', '0');
INSERT INTO `seat` VALUES ('9', '7', '1', '0');
INSERT INTO `seat` VALUES ('9', '7', '2', '0');
INSERT INTO `seat` VALUES ('9', '7', '3', '0');
INSERT INTO `seat` VALUES ('9', '7', '4', '0');
INSERT INTO `seat` VALUES ('9', '7', '5', '0');
INSERT INTO `seat` VALUES ('9', '7', '6', '0');
INSERT INTO `seat` VALUES ('9', '7', '7', '0');
INSERT INTO `seat` VALUES ('9', '7', '8', '0');
INSERT INTO `seat` VALUES ('9', '8', '1', '0');
INSERT INTO `seat` VALUES ('9', '8', '2', '0');
INSERT INTO `seat` VALUES ('9', '8', '3', '0');
INSERT INTO `seat` VALUES ('9', '8', '4', '0');
INSERT INTO `seat` VALUES ('9', '8', '5', '0');
INSERT INTO `seat` VALUES ('9', '8', '6', '0');
INSERT INTO `seat` VALUES ('9', '8', '7', '0');
INSERT INTO `seat` VALUES ('9', '8', '8', '0');
INSERT INTO `seat` VALUES ('10', '1', '1', '0');
INSERT INTO `seat` VALUES ('10', '1', '2', '0');
INSERT INTO `seat` VALUES ('10', '1', '3', '0');
INSERT INTO `seat` VALUES ('10', '1', '4', '0');
INSERT INTO `seat` VALUES ('10', '1', '5', '0');
INSERT INTO `seat` VALUES ('10', '1', '6', '0');
INSERT INTO `seat` VALUES ('10', '1', '7', '0');
INSERT INTO `seat` VALUES ('10', '1', '8', '0');
INSERT INTO `seat` VALUES ('10', '2', '1', '0');
INSERT INTO `seat` VALUES ('10', '2', '2', '0');
INSERT INTO `seat` VALUES ('10', '2', '3', '0');
INSERT INTO `seat` VALUES ('10', '2', '4', '0');
INSERT INTO `seat` VALUES ('10', '2', '5', '0');
INSERT INTO `seat` VALUES ('10', '2', '6', '0');
INSERT INTO `seat` VALUES ('10', '2', '7', '0');
INSERT INTO `seat` VALUES ('10', '2', '8', '0');
INSERT INTO `seat` VALUES ('10', '3', '1', '0');
INSERT INTO `seat` VALUES ('10', '3', '2', '0');
INSERT INTO `seat` VALUES ('10', '3', '3', '0');
INSERT INTO `seat` VALUES ('10', '3', '4', '0');
INSERT INTO `seat` VALUES ('10', '3', '5', '0');
INSERT INTO `seat` VALUES ('10', '3', '6', '0');
INSERT INTO `seat` VALUES ('10', '3', '7', '0');
INSERT INTO `seat` VALUES ('10', '3', '8', '0');
INSERT INTO `seat` VALUES ('10', '4', '1', '0');
INSERT INTO `seat` VALUES ('10', '4', '2', '0');
INSERT INTO `seat` VALUES ('10', '4', '3', '0');
INSERT INTO `seat` VALUES ('10', '4', '4', '0');
INSERT INTO `seat` VALUES ('10', '4', '5', '0');
INSERT INTO `seat` VALUES ('10', '4', '6', '0');
INSERT INTO `seat` VALUES ('10', '4', '7', '0');
INSERT INTO `seat` VALUES ('10', '4', '8', '0');
INSERT INTO `seat` VALUES ('10', '5', '1', '0');
INSERT INTO `seat` VALUES ('10', '5', '2', '0');
INSERT INTO `seat` VALUES ('10', '5', '3', '0');
INSERT INTO `seat` VALUES ('10', '5', '4', '0');
INSERT INTO `seat` VALUES ('10', '5', '5', '0');
INSERT INTO `seat` VALUES ('10', '5', '6', '0');
INSERT INTO `seat` VALUES ('10', '5', '7', '0');
INSERT INTO `seat` VALUES ('10', '5', '8', '0');
INSERT INTO `seat` VALUES ('10', '6', '1', '0');
INSERT INTO `seat` VALUES ('10', '6', '2', '0');
INSERT INTO `seat` VALUES ('10', '6', '3', '0');
INSERT INTO `seat` VALUES ('10', '6', '4', '0');
INSERT INTO `seat` VALUES ('10', '6', '5', '0');
INSERT INTO `seat` VALUES ('10', '6', '6', '0');
INSERT INTO `seat` VALUES ('10', '6', '7', '0');
INSERT INTO `seat` VALUES ('10', '6', '8', '0');
INSERT INTO `seat` VALUES ('10', '7', '1', '0');
INSERT INTO `seat` VALUES ('10', '7', '2', '0');
INSERT INTO `seat` VALUES ('10', '7', '3', '0');
INSERT INTO `seat` VALUES ('10', '7', '4', '0');
INSERT INTO `seat` VALUES ('10', '7', '5', '0');
INSERT INTO `seat` VALUES ('10', '7', '6', '0');
INSERT INTO `seat` VALUES ('10', '7', '7', '0');
INSERT INTO `seat` VALUES ('10', '7', '8', '0');
INSERT INTO `seat` VALUES ('10', '8', '1', '0');
INSERT INTO `seat` VALUES ('10', '8', '2', '0');
INSERT INTO `seat` VALUES ('10', '8', '3', '0');
INSERT INTO `seat` VALUES ('10', '8', '4', '0');
INSERT INTO `seat` VALUES ('10', '8', '5', '0');
INSERT INTO `seat` VALUES ('10', '8', '6', '0');
INSERT INTO `seat` VALUES ('10', '8', '7', '0');
INSERT INTO `seat` VALUES ('10', '8', '8', '0');
INSERT INTO `seat` VALUES ('11', '1', '1', '0');
INSERT INTO `seat` VALUES ('11', '1', '2', '0');
INSERT INTO `seat` VALUES ('11', '1', '3', '0');
INSERT INTO `seat` VALUES ('11', '1', '4', '0');
INSERT INTO `seat` VALUES ('11', '1', '5', '0');
INSERT INTO `seat` VALUES ('11', '1', '6', '0');
INSERT INTO `seat` VALUES ('11', '1', '7', '0');
INSERT INTO `seat` VALUES ('11', '1', '8', '0');
INSERT INTO `seat` VALUES ('11', '2', '1', '0');
INSERT INTO `seat` VALUES ('11', '2', '2', '0');
INSERT INTO `seat` VALUES ('11', '2', '3', '0');
INSERT INTO `seat` VALUES ('11', '2', '4', '0');
INSERT INTO `seat` VALUES ('11', '2', '5', '0');
INSERT INTO `seat` VALUES ('11', '2', '6', '0');
INSERT INTO `seat` VALUES ('11', '2', '7', '0');
INSERT INTO `seat` VALUES ('11', '2', '8', '0');
INSERT INTO `seat` VALUES ('11', '3', '1', '0');
INSERT INTO `seat` VALUES ('11', '3', '2', '0');
INSERT INTO `seat` VALUES ('11', '3', '3', '0');
INSERT INTO `seat` VALUES ('11', '3', '4', '0');
INSERT INTO `seat` VALUES ('11', '3', '5', '0');
INSERT INTO `seat` VALUES ('11', '3', '6', '0');
INSERT INTO `seat` VALUES ('11', '3', '7', '0');
INSERT INTO `seat` VALUES ('11', '3', '8', '0');
INSERT INTO `seat` VALUES ('11', '4', '1', '0');
INSERT INTO `seat` VALUES ('11', '4', '2', '0');
INSERT INTO `seat` VALUES ('11', '4', '3', '0');
INSERT INTO `seat` VALUES ('11', '4', '4', '0');
INSERT INTO `seat` VALUES ('11', '4', '5', '0');
INSERT INTO `seat` VALUES ('11', '4', '6', '0');
INSERT INTO `seat` VALUES ('11', '4', '7', '0');
INSERT INTO `seat` VALUES ('11', '4', '8', '0');
INSERT INTO `seat` VALUES ('11', '5', '1', '0');
INSERT INTO `seat` VALUES ('11', '5', '2', '0');
INSERT INTO `seat` VALUES ('11', '5', '3', '0');
INSERT INTO `seat` VALUES ('11', '5', '4', '0');
INSERT INTO `seat` VALUES ('11', '5', '5', '0');
INSERT INTO `seat` VALUES ('11', '5', '6', '0');
INSERT INTO `seat` VALUES ('11', '5', '7', '0');
INSERT INTO `seat` VALUES ('11', '5', '8', '0');
INSERT INTO `seat` VALUES ('11', '6', '1', '0');
INSERT INTO `seat` VALUES ('11', '6', '2', '0');
INSERT INTO `seat` VALUES ('11', '6', '3', '0');
INSERT INTO `seat` VALUES ('11', '6', '4', '0');
INSERT INTO `seat` VALUES ('11', '6', '5', '0');
INSERT INTO `seat` VALUES ('11', '6', '6', '0');
INSERT INTO `seat` VALUES ('11', '6', '7', '0');
INSERT INTO `seat` VALUES ('11', '6', '8', '0');
INSERT INTO `seat` VALUES ('11', '7', '1', '0');
INSERT INTO `seat` VALUES ('11', '7', '2', '0');
INSERT INTO `seat` VALUES ('11', '7', '3', '0');
INSERT INTO `seat` VALUES ('11', '7', '4', '0');
INSERT INTO `seat` VALUES ('11', '7', '5', '0');
INSERT INTO `seat` VALUES ('11', '7', '6', '0');
INSERT INTO `seat` VALUES ('11', '7', '7', '0');
INSERT INTO `seat` VALUES ('11', '7', '8', '0');
INSERT INTO `seat` VALUES ('11', '8', '1', '0');
INSERT INTO `seat` VALUES ('11', '8', '2', '0');
INSERT INTO `seat` VALUES ('11', '8', '3', '0');
INSERT INTO `seat` VALUES ('11', '8', '4', '0');
INSERT INTO `seat` VALUES ('11', '8', '5', '0');
INSERT INTO `seat` VALUES ('11', '8', '6', '0');
INSERT INTO `seat` VALUES ('11', '8', '7', '0');
INSERT INTO `seat` VALUES ('11', '8', '8', '0');
INSERT INTO `seat` VALUES ('12', '1', '1', '0');
INSERT INTO `seat` VALUES ('12', '1', '2', '0');
INSERT INTO `seat` VALUES ('12', '1', '3', '0');
INSERT INTO `seat` VALUES ('12', '1', '4', '0');
INSERT INTO `seat` VALUES ('12', '1', '5', '0');
INSERT INTO `seat` VALUES ('12', '1', '6', '0');
INSERT INTO `seat` VALUES ('12', '1', '7', '0');
INSERT INTO `seat` VALUES ('12', '1', '8', '0');
INSERT INTO `seat` VALUES ('12', '2', '1', '0');
INSERT INTO `seat` VALUES ('12', '2', '2', '0');
INSERT INTO `seat` VALUES ('12', '2', '3', '0');
INSERT INTO `seat` VALUES ('12', '2', '4', '0');
INSERT INTO `seat` VALUES ('12', '2', '5', '0');
INSERT INTO `seat` VALUES ('12', '2', '6', '0');
INSERT INTO `seat` VALUES ('12', '2', '7', '0');
INSERT INTO `seat` VALUES ('12', '2', '8', '0');
INSERT INTO `seat` VALUES ('12', '3', '1', '0');
INSERT INTO `seat` VALUES ('12', '3', '2', '0');
INSERT INTO `seat` VALUES ('12', '3', '3', '0');
INSERT INTO `seat` VALUES ('12', '3', '4', '0');
INSERT INTO `seat` VALUES ('12', '3', '5', '0');
INSERT INTO `seat` VALUES ('12', '3', '6', '0');
INSERT INTO `seat` VALUES ('12', '3', '7', '0');
INSERT INTO `seat` VALUES ('12', '3', '8', '0');
INSERT INTO `seat` VALUES ('12', '4', '1', '0');
INSERT INTO `seat` VALUES ('12', '4', '2', '0');
INSERT INTO `seat` VALUES ('12', '4', '3', '0');
INSERT INTO `seat` VALUES ('12', '4', '4', '0');
INSERT INTO `seat` VALUES ('12', '4', '5', '0');
INSERT INTO `seat` VALUES ('12', '4', '6', '0');
INSERT INTO `seat` VALUES ('12', '4', '7', '0');
INSERT INTO `seat` VALUES ('12', '4', '8', '0');
INSERT INTO `seat` VALUES ('12', '5', '1', '0');
INSERT INTO `seat` VALUES ('12', '5', '2', '0');
INSERT INTO `seat` VALUES ('12', '5', '3', '0');
INSERT INTO `seat` VALUES ('12', '5', '4', '0');
INSERT INTO `seat` VALUES ('12', '5', '5', '0');
INSERT INTO `seat` VALUES ('12', '5', '6', '0');
INSERT INTO `seat` VALUES ('12', '5', '7', '0');
INSERT INTO `seat` VALUES ('12', '5', '8', '0');
INSERT INTO `seat` VALUES ('12', '6', '1', '0');
INSERT INTO `seat` VALUES ('12', '6', '2', '0');
INSERT INTO `seat` VALUES ('12', '6', '3', '0');
INSERT INTO `seat` VALUES ('12', '6', '4', '0');
INSERT INTO `seat` VALUES ('12', '6', '5', '0');
INSERT INTO `seat` VALUES ('12', '6', '6', '0');
INSERT INTO `seat` VALUES ('12', '6', '7', '0');
INSERT INTO `seat` VALUES ('12', '6', '8', '0');
INSERT INTO `seat` VALUES ('12', '7', '1', '0');
INSERT INTO `seat` VALUES ('12', '7', '2', '0');
INSERT INTO `seat` VALUES ('12', '7', '3', '0');
INSERT INTO `seat` VALUES ('12', '7', '4', '0');
INSERT INTO `seat` VALUES ('12', '7', '5', '0');
INSERT INTO `seat` VALUES ('12', '7', '6', '0');
INSERT INTO `seat` VALUES ('12', '7', '7', '0');
INSERT INTO `seat` VALUES ('12', '7', '8', '0');
INSERT INTO `seat` VALUES ('12', '8', '1', '0');
INSERT INTO `seat` VALUES ('12', '8', '2', '0');
INSERT INTO `seat` VALUES ('12', '8', '3', '0');
INSERT INTO `seat` VALUES ('12', '8', '4', '0');
INSERT INTO `seat` VALUES ('12', '8', '5', '0');
INSERT INTO `seat` VALUES ('12', '8', '6', '0');
INSERT INTO `seat` VALUES ('12', '8', '7', '0');
INSERT INTO `seat` VALUES ('12', '8', '8', '0');
INSERT INTO `seat` VALUES ('13', '1', '1', '0');
INSERT INTO `seat` VALUES ('13', '1', '2', '0');
INSERT INTO `seat` VALUES ('13', '1', '3', '0');
INSERT INTO `seat` VALUES ('13', '1', '4', '0');
INSERT INTO `seat` VALUES ('13', '1', '5', '0');
INSERT INTO `seat` VALUES ('13', '1', '6', '0');
INSERT INTO `seat` VALUES ('13', '1', '7', '0');
INSERT INTO `seat` VALUES ('13', '1', '8', '0');
INSERT INTO `seat` VALUES ('13', '2', '1', '0');
INSERT INTO `seat` VALUES ('13', '2', '2', '0');
INSERT INTO `seat` VALUES ('13', '2', '3', '0');
INSERT INTO `seat` VALUES ('13', '2', '4', '0');
INSERT INTO `seat` VALUES ('13', '2', '5', '0');
INSERT INTO `seat` VALUES ('13', '2', '6', '0');
INSERT INTO `seat` VALUES ('13', '2', '7', '0');
INSERT INTO `seat` VALUES ('13', '2', '8', '0');
INSERT INTO `seat` VALUES ('13', '3', '1', '0');
INSERT INTO `seat` VALUES ('13', '3', '2', '0');
INSERT INTO `seat` VALUES ('13', '3', '3', '0');
INSERT INTO `seat` VALUES ('13', '3', '4', '0');
INSERT INTO `seat` VALUES ('13', '3', '5', '0');
INSERT INTO `seat` VALUES ('13', '3', '6', '0');
INSERT INTO `seat` VALUES ('13', '3', '7', '0');
INSERT INTO `seat` VALUES ('13', '3', '8', '0');
INSERT INTO `seat` VALUES ('13', '4', '1', '0');
INSERT INTO `seat` VALUES ('13', '4', '2', '0');
INSERT INTO `seat` VALUES ('13', '4', '3', '0');
INSERT INTO `seat` VALUES ('13', '4', '4', '0');
INSERT INTO `seat` VALUES ('13', '4', '5', '0');
INSERT INTO `seat` VALUES ('13', '4', '6', '0');
INSERT INTO `seat` VALUES ('13', '4', '7', '0');
INSERT INTO `seat` VALUES ('13', '4', '8', '0');
INSERT INTO `seat` VALUES ('13', '5', '1', '0');
INSERT INTO `seat` VALUES ('13', '5', '2', '0');
INSERT INTO `seat` VALUES ('13', '5', '3', '0');
INSERT INTO `seat` VALUES ('13', '5', '4', '0');
INSERT INTO `seat` VALUES ('13', '5', '5', '0');
INSERT INTO `seat` VALUES ('13', '5', '6', '0');
INSERT INTO `seat` VALUES ('13', '5', '7', '0');
INSERT INTO `seat` VALUES ('13', '5', '8', '0');
INSERT INTO `seat` VALUES ('13', '6', '1', '0');
INSERT INTO `seat` VALUES ('13', '6', '2', '0');
INSERT INTO `seat` VALUES ('13', '6', '3', '0');
INSERT INTO `seat` VALUES ('13', '6', '4', '0');
INSERT INTO `seat` VALUES ('13', '6', '5', '0');
INSERT INTO `seat` VALUES ('13', '6', '6', '0');
INSERT INTO `seat` VALUES ('13', '6', '7', '0');
INSERT INTO `seat` VALUES ('13', '6', '8', '0');
INSERT INTO `seat` VALUES ('13', '7', '1', '0');
INSERT INTO `seat` VALUES ('13', '7', '2', '0');
INSERT INTO `seat` VALUES ('13', '7', '3', '0');
INSERT INTO `seat` VALUES ('13', '7', '4', '0');
INSERT INTO `seat` VALUES ('13', '7', '5', '0');
INSERT INTO `seat` VALUES ('13', '7', '6', '0');
INSERT INTO `seat` VALUES ('13', '7', '7', '0');
INSERT INTO `seat` VALUES ('13', '7', '8', '0');
INSERT INTO `seat` VALUES ('13', '8', '1', '0');
INSERT INTO `seat` VALUES ('13', '8', '2', '0');
INSERT INTO `seat` VALUES ('13', '8', '3', '0');
INSERT INTO `seat` VALUES ('13', '8', '4', '0');
INSERT INTO `seat` VALUES ('13', '8', '5', '0');
INSERT INTO `seat` VALUES ('13', '8', '6', '0');
INSERT INTO `seat` VALUES ('13', '8', '7', '0');
INSERT INTO `seat` VALUES ('13', '8', '8', '0');
INSERT INTO `seat` VALUES ('14', '1', '1', '0');
INSERT INTO `seat` VALUES ('14', '1', '2', '0');
INSERT INTO `seat` VALUES ('14', '1', '3', '0');
INSERT INTO `seat` VALUES ('14', '1', '4', '0');
INSERT INTO `seat` VALUES ('14', '1', '5', '0');
INSERT INTO `seat` VALUES ('14', '1', '6', '0');
INSERT INTO `seat` VALUES ('14', '1', '7', '0');
INSERT INTO `seat` VALUES ('14', '1', '8', '0');
INSERT INTO `seat` VALUES ('14', '2', '1', '0');
INSERT INTO `seat` VALUES ('14', '2', '2', '0');
INSERT INTO `seat` VALUES ('14', '2', '3', '0');
INSERT INTO `seat` VALUES ('14', '2', '4', '0');
INSERT INTO `seat` VALUES ('14', '2', '5', '0');
INSERT INTO `seat` VALUES ('14', '2', '6', '0');
INSERT INTO `seat` VALUES ('14', '2', '7', '0');
INSERT INTO `seat` VALUES ('14', '2', '8', '0');
INSERT INTO `seat` VALUES ('14', '3', '1', '0');
INSERT INTO `seat` VALUES ('14', '3', '2', '0');
INSERT INTO `seat` VALUES ('14', '3', '3', '0');
INSERT INTO `seat` VALUES ('14', '3', '4', '0');
INSERT INTO `seat` VALUES ('14', '3', '5', '0');
INSERT INTO `seat` VALUES ('14', '3', '6', '0');
INSERT INTO `seat` VALUES ('14', '3', '7', '0');
INSERT INTO `seat` VALUES ('14', '3', '8', '0');
INSERT INTO `seat` VALUES ('14', '4', '1', '0');
INSERT INTO `seat` VALUES ('14', '4', '2', '0');
INSERT INTO `seat` VALUES ('14', '4', '3', '0');
INSERT INTO `seat` VALUES ('14', '4', '4', '0');
INSERT INTO `seat` VALUES ('14', '4', '5', '0');
INSERT INTO `seat` VALUES ('14', '4', '6', '0');
INSERT INTO `seat` VALUES ('14', '4', '7', '0');
INSERT INTO `seat` VALUES ('14', '4', '8', '0');
INSERT INTO `seat` VALUES ('14', '5', '1', '0');
INSERT INTO `seat` VALUES ('14', '5', '2', '0');
INSERT INTO `seat` VALUES ('14', '5', '3', '0');
INSERT INTO `seat` VALUES ('14', '5', '4', '0');
INSERT INTO `seat` VALUES ('14', '5', '5', '0');
INSERT INTO `seat` VALUES ('14', '5', '6', '0');
INSERT INTO `seat` VALUES ('14', '5', '7', '0');
INSERT INTO `seat` VALUES ('14', '5', '8', '0');
INSERT INTO `seat` VALUES ('14', '6', '1', '0');
INSERT INTO `seat` VALUES ('14', '6', '2', '0');
INSERT INTO `seat` VALUES ('14', '6', '3', '0');
INSERT INTO `seat` VALUES ('14', '6', '4', '0');
INSERT INTO `seat` VALUES ('14', '6', '5', '0');
INSERT INTO `seat` VALUES ('14', '6', '6', '0');
INSERT INTO `seat` VALUES ('14', '6', '7', '0');
INSERT INTO `seat` VALUES ('14', '6', '8', '0');
INSERT INTO `seat` VALUES ('14', '7', '1', '0');
INSERT INTO `seat` VALUES ('14', '7', '2', '0');
INSERT INTO `seat` VALUES ('14', '7', '3', '0');
INSERT INTO `seat` VALUES ('14', '7', '4', '0');
INSERT INTO `seat` VALUES ('14', '7', '5', '0');
INSERT INTO `seat` VALUES ('14', '7', '6', '0');
INSERT INTO `seat` VALUES ('14', '7', '7', '0');
INSERT INTO `seat` VALUES ('14', '7', '8', '0');
INSERT INTO `seat` VALUES ('14', '8', '1', '0');
INSERT INTO `seat` VALUES ('14', '8', '2', '0');
INSERT INTO `seat` VALUES ('14', '8', '3', '0');
INSERT INTO `seat` VALUES ('14', '8', '4', '0');
INSERT INTO `seat` VALUES ('14', '8', '5', '0');
INSERT INTO `seat` VALUES ('14', '8', '6', '0');
INSERT INTO `seat` VALUES ('14', '8', '7', '0');
INSERT INTO `seat` VALUES ('14', '8', '8', '0');
INSERT INTO `seat` VALUES ('15', '1', '1', '0');
INSERT INTO `seat` VALUES ('15', '1', '2', '0');
INSERT INTO `seat` VALUES ('15', '1', '3', '0');
INSERT INTO `seat` VALUES ('15', '1', '4', '0');
INSERT INTO `seat` VALUES ('15', '1', '5', '0');
INSERT INTO `seat` VALUES ('15', '1', '6', '0');
INSERT INTO `seat` VALUES ('15', '1', '7', '0');
INSERT INTO `seat` VALUES ('15', '1', '8', '0');
INSERT INTO `seat` VALUES ('15', '2', '1', '0');
INSERT INTO `seat` VALUES ('15', '2', '2', '0');
INSERT INTO `seat` VALUES ('15', '2', '3', '0');
INSERT INTO `seat` VALUES ('15', '2', '4', '0');
INSERT INTO `seat` VALUES ('15', '2', '5', '0');
INSERT INTO `seat` VALUES ('15', '2', '6', '0');
INSERT INTO `seat` VALUES ('15', '2', '7', '0');
INSERT INTO `seat` VALUES ('15', '2', '8', '0');
INSERT INTO `seat` VALUES ('15', '3', '1', '0');
INSERT INTO `seat` VALUES ('15', '3', '2', '0');
INSERT INTO `seat` VALUES ('15', '3', '3', '0');
INSERT INTO `seat` VALUES ('15', '3', '4', '0');
INSERT INTO `seat` VALUES ('15', '3', '5', '0');
INSERT INTO `seat` VALUES ('15', '3', '6', '0');
INSERT INTO `seat` VALUES ('15', '3', '7', '0');
INSERT INTO `seat` VALUES ('15', '3', '8', '0');
INSERT INTO `seat` VALUES ('15', '4', '1', '0');
INSERT INTO `seat` VALUES ('15', '4', '2', '0');
INSERT INTO `seat` VALUES ('15', '4', '3', '0');
INSERT INTO `seat` VALUES ('15', '4', '4', '0');
INSERT INTO `seat` VALUES ('15', '4', '5', '0');
INSERT INTO `seat` VALUES ('15', '4', '6', '0');
INSERT INTO `seat` VALUES ('15', '4', '7', '0');
INSERT INTO `seat` VALUES ('15', '4', '8', '0');
INSERT INTO `seat` VALUES ('15', '5', '1', '0');
INSERT INTO `seat` VALUES ('15', '5', '2', '0');
INSERT INTO `seat` VALUES ('15', '5', '3', '0');
INSERT INTO `seat` VALUES ('15', '5', '4', '0');
INSERT INTO `seat` VALUES ('15', '5', '5', '0');
INSERT INTO `seat` VALUES ('15', '5', '6', '0');
INSERT INTO `seat` VALUES ('15', '5', '7', '0');
INSERT INTO `seat` VALUES ('15', '5', '8', '0');
INSERT INTO `seat` VALUES ('15', '6', '1', '0');
INSERT INTO `seat` VALUES ('15', '6', '2', '0');
INSERT INTO `seat` VALUES ('15', '6', '3', '0');
INSERT INTO `seat` VALUES ('15', '6', '4', '0');
INSERT INTO `seat` VALUES ('15', '6', '5', '0');
INSERT INTO `seat` VALUES ('15', '6', '6', '0');
INSERT INTO `seat` VALUES ('15', '6', '7', '0');
INSERT INTO `seat` VALUES ('15', '6', '8', '0');
INSERT INTO `seat` VALUES ('15', '7', '1', '0');
INSERT INTO `seat` VALUES ('15', '7', '2', '0');
INSERT INTO `seat` VALUES ('15', '7', '3', '0');
INSERT INTO `seat` VALUES ('15', '7', '4', '0');
INSERT INTO `seat` VALUES ('15', '7', '5', '0');
INSERT INTO `seat` VALUES ('15', '7', '6', '0');
INSERT INTO `seat` VALUES ('15', '7', '7', '0');
INSERT INTO `seat` VALUES ('15', '7', '8', '0');
INSERT INTO `seat` VALUES ('15', '8', '1', '0');
INSERT INTO `seat` VALUES ('15', '8', '2', '0');
INSERT INTO `seat` VALUES ('15', '8', '3', '0');
INSERT INTO `seat` VALUES ('15', '8', '4', '0');
INSERT INTO `seat` VALUES ('15', '8', '5', '0');
INSERT INTO `seat` VALUES ('15', '8', '6', '0');
INSERT INTO `seat` VALUES ('15', '8', '7', '0');
INSERT INTO `seat` VALUES ('15', '8', '8', '0');
INSERT INTO `seat` VALUES ('16', '1', '1', '0');
INSERT INTO `seat` VALUES ('16', '1', '2', '0');
INSERT INTO `seat` VALUES ('16', '1', '3', '0');
INSERT INTO `seat` VALUES ('16', '1', '4', '0');
INSERT INTO `seat` VALUES ('16', '1', '5', '0');
INSERT INTO `seat` VALUES ('16', '1', '6', '0');
INSERT INTO `seat` VALUES ('16', '1', '7', '0');
INSERT INTO `seat` VALUES ('16', '1', '8', '0');
INSERT INTO `seat` VALUES ('16', '2', '1', '0');
INSERT INTO `seat` VALUES ('16', '2', '2', '0');
INSERT INTO `seat` VALUES ('16', '2', '3', '0');
INSERT INTO `seat` VALUES ('16', '2', '4', '0');
INSERT INTO `seat` VALUES ('16', '2', '5', '0');
INSERT INTO `seat` VALUES ('16', '2', '6', '0');
INSERT INTO `seat` VALUES ('16', '2', '7', '0');
INSERT INTO `seat` VALUES ('16', '2', '8', '0');
INSERT INTO `seat` VALUES ('16', '3', '1', '0');
INSERT INTO `seat` VALUES ('16', '3', '2', '0');
INSERT INTO `seat` VALUES ('16', '3', '3', '0');
INSERT INTO `seat` VALUES ('16', '3', '4', '0');
INSERT INTO `seat` VALUES ('16', '3', '5', '0');
INSERT INTO `seat` VALUES ('16', '3', '6', '0');
INSERT INTO `seat` VALUES ('16', '3', '7', '0');
INSERT INTO `seat` VALUES ('16', '3', '8', '0');
INSERT INTO `seat` VALUES ('16', '4', '1', '0');
INSERT INTO `seat` VALUES ('16', '4', '2', '0');
INSERT INTO `seat` VALUES ('16', '4', '3', '0');
INSERT INTO `seat` VALUES ('16', '4', '4', '0');
INSERT INTO `seat` VALUES ('16', '4', '5', '0');
INSERT INTO `seat` VALUES ('16', '4', '6', '0');
INSERT INTO `seat` VALUES ('16', '4', '7', '0');
INSERT INTO `seat` VALUES ('16', '4', '8', '0');
INSERT INTO `seat` VALUES ('16', '5', '1', '0');
INSERT INTO `seat` VALUES ('16', '5', '2', '0');
INSERT INTO `seat` VALUES ('16', '5', '3', '0');
INSERT INTO `seat` VALUES ('16', '5', '4', '0');
INSERT INTO `seat` VALUES ('16', '5', '5', '0');
INSERT INTO `seat` VALUES ('16', '5', '6', '0');
INSERT INTO `seat` VALUES ('16', '5', '7', '0');
INSERT INTO `seat` VALUES ('16', '5', '8', '0');
INSERT INTO `seat` VALUES ('16', '6', '1', '0');
INSERT INTO `seat` VALUES ('16', '6', '2', '0');
INSERT INTO `seat` VALUES ('16', '6', '3', '0');
INSERT INTO `seat` VALUES ('16', '6', '4', '0');
INSERT INTO `seat` VALUES ('16', '6', '5', '0');
INSERT INTO `seat` VALUES ('16', '6', '6', '0');
INSERT INTO `seat` VALUES ('16', '6', '7', '0');
INSERT INTO `seat` VALUES ('16', '6', '8', '0');
INSERT INTO `seat` VALUES ('16', '7', '1', '0');
INSERT INTO `seat` VALUES ('16', '7', '2', '0');
INSERT INTO `seat` VALUES ('16', '7', '3', '0');
INSERT INTO `seat` VALUES ('16', '7', '4', '0');
INSERT INTO `seat` VALUES ('16', '7', '5', '0');
INSERT INTO `seat` VALUES ('16', '7', '6', '0');
INSERT INTO `seat` VALUES ('16', '7', '7', '0');
INSERT INTO `seat` VALUES ('16', '7', '8', '0');
INSERT INTO `seat` VALUES ('16', '8', '1', '0');
INSERT INTO `seat` VALUES ('16', '8', '2', '0');
INSERT INTO `seat` VALUES ('16', '8', '3', '0');
INSERT INTO `seat` VALUES ('16', '8', '4', '0');
INSERT INTO `seat` VALUES ('16', '8', '5', '0');
INSERT INTO `seat` VALUES ('16', '8', '6', '0');
INSERT INTO `seat` VALUES ('16', '8', '7', '0');
INSERT INTO `seat` VALUES ('16', '8', '8', '0');
INSERT INTO `seat` VALUES ('17', '1', '1', '0');
INSERT INTO `seat` VALUES ('17', '1', '2', '0');
INSERT INTO `seat` VALUES ('17', '1', '3', '0');
INSERT INTO `seat` VALUES ('17', '1', '4', '0');
INSERT INTO `seat` VALUES ('17', '1', '5', '0');
INSERT INTO `seat` VALUES ('17', '1', '6', '0');
INSERT INTO `seat` VALUES ('17', '1', '7', '0');
INSERT INTO `seat` VALUES ('17', '1', '8', '0');
INSERT INTO `seat` VALUES ('17', '2', '1', '0');
INSERT INTO `seat` VALUES ('17', '2', '2', '0');
INSERT INTO `seat` VALUES ('17', '2', '3', '0');
INSERT INTO `seat` VALUES ('17', '2', '4', '0');
INSERT INTO `seat` VALUES ('17', '2', '5', '0');
INSERT INTO `seat` VALUES ('17', '2', '6', '0');
INSERT INTO `seat` VALUES ('17', '2', '7', '0');
INSERT INTO `seat` VALUES ('17', '2', '8', '0');
INSERT INTO `seat` VALUES ('17', '3', '1', '0');
INSERT INTO `seat` VALUES ('17', '3', '2', '0');
INSERT INTO `seat` VALUES ('17', '3', '3', '0');
INSERT INTO `seat` VALUES ('17', '3', '4', '0');
INSERT INTO `seat` VALUES ('17', '3', '5', '0');
INSERT INTO `seat` VALUES ('17', '3', '6', '0');
INSERT INTO `seat` VALUES ('17', '3', '7', '0');
INSERT INTO `seat` VALUES ('17', '3', '8', '0');
INSERT INTO `seat` VALUES ('17', '4', '1', '0');
INSERT INTO `seat` VALUES ('17', '4', '2', '0');
INSERT INTO `seat` VALUES ('17', '4', '3', '0');
INSERT INTO `seat` VALUES ('17', '4', '4', '0');
INSERT INTO `seat` VALUES ('17', '4', '5', '0');
INSERT INTO `seat` VALUES ('17', '4', '6', '0');
INSERT INTO `seat` VALUES ('17', '4', '7', '0');
INSERT INTO `seat` VALUES ('17', '4', '8', '0');
INSERT INTO `seat` VALUES ('17', '5', '1', '0');
INSERT INTO `seat` VALUES ('17', '5', '2', '0');
INSERT INTO `seat` VALUES ('17', '5', '3', '0');
INSERT INTO `seat` VALUES ('17', '5', '4', '0');
INSERT INTO `seat` VALUES ('17', '5', '5', '0');
INSERT INTO `seat` VALUES ('17', '5', '6', '0');
INSERT INTO `seat` VALUES ('17', '5', '7', '0');
INSERT INTO `seat` VALUES ('17', '5', '8', '0');
INSERT INTO `seat` VALUES ('17', '6', '1', '0');
INSERT INTO `seat` VALUES ('17', '6', '2', '0');
INSERT INTO `seat` VALUES ('17', '6', '3', '0');
INSERT INTO `seat` VALUES ('17', '6', '4', '0');
INSERT INTO `seat` VALUES ('17', '6', '5', '0');
INSERT INTO `seat` VALUES ('17', '6', '6', '0');
INSERT INTO `seat` VALUES ('17', '6', '7', '0');
INSERT INTO `seat` VALUES ('17', '6', '8', '0');
INSERT INTO `seat` VALUES ('17', '7', '1', '0');
INSERT INTO `seat` VALUES ('17', '7', '2', '0');
INSERT INTO `seat` VALUES ('17', '7', '3', '0');
INSERT INTO `seat` VALUES ('17', '7', '4', '0');
INSERT INTO `seat` VALUES ('17', '7', '5', '0');
INSERT INTO `seat` VALUES ('17', '7', '6', '0');
INSERT INTO `seat` VALUES ('17', '7', '7', '0');
INSERT INTO `seat` VALUES ('17', '7', '8', '0');
INSERT INTO `seat` VALUES ('17', '8', '1', '0');
INSERT INTO `seat` VALUES ('17', '8', '2', '0');
INSERT INTO `seat` VALUES ('17', '8', '3', '0');
INSERT INTO `seat` VALUES ('17', '8', '4', '0');
INSERT INTO `seat` VALUES ('17', '8', '5', '0');
INSERT INTO `seat` VALUES ('17', '8', '6', '0');
INSERT INTO `seat` VALUES ('17', '8', '7', '0');
INSERT INTO `seat` VALUES ('17', '8', '8', '0');
INSERT INTO `seat` VALUES ('18', '1', '1', '0');
INSERT INTO `seat` VALUES ('18', '1', '2', '0');
INSERT INTO `seat` VALUES ('18', '1', '3', '0');
INSERT INTO `seat` VALUES ('18', '1', '4', '0');
INSERT INTO `seat` VALUES ('18', '1', '5', '0');
INSERT INTO `seat` VALUES ('18', '1', '6', '0');
INSERT INTO `seat` VALUES ('18', '1', '7', '0');
INSERT INTO `seat` VALUES ('18', '1', '8', '0');
INSERT INTO `seat` VALUES ('18', '2', '1', '0');
INSERT INTO `seat` VALUES ('18', '2', '2', '0');
INSERT INTO `seat` VALUES ('18', '2', '3', '0');
INSERT INTO `seat` VALUES ('18', '2', '4', '0');
INSERT INTO `seat` VALUES ('18', '2', '5', '0');
INSERT INTO `seat` VALUES ('18', '2', '6', '0');
INSERT INTO `seat` VALUES ('18', '2', '7', '0');
INSERT INTO `seat` VALUES ('18', '2', '8', '0');
INSERT INTO `seat` VALUES ('18', '3', '1', '0');
INSERT INTO `seat` VALUES ('18', '3', '2', '0');
INSERT INTO `seat` VALUES ('18', '3', '3', '0');
INSERT INTO `seat` VALUES ('18', '3', '4', '0');
INSERT INTO `seat` VALUES ('18', '3', '5', '0');
INSERT INTO `seat` VALUES ('18', '3', '6', '0');
INSERT INTO `seat` VALUES ('18', '3', '7', '0');
INSERT INTO `seat` VALUES ('18', '3', '8', '0');
INSERT INTO `seat` VALUES ('18', '4', '1', '0');
INSERT INTO `seat` VALUES ('18', '4', '2', '0');
INSERT INTO `seat` VALUES ('18', '4', '3', '0');
INSERT INTO `seat` VALUES ('18', '4', '4', '0');
INSERT INTO `seat` VALUES ('18', '4', '5', '0');
INSERT INTO `seat` VALUES ('18', '4', '6', '0');
INSERT INTO `seat` VALUES ('18', '4', '7', '0');
INSERT INTO `seat` VALUES ('18', '4', '8', '0');
INSERT INTO `seat` VALUES ('18', '5', '1', '0');
INSERT INTO `seat` VALUES ('18', '5', '2', '0');
INSERT INTO `seat` VALUES ('18', '5', '3', '0');
INSERT INTO `seat` VALUES ('18', '5', '4', '0');
INSERT INTO `seat` VALUES ('18', '5', '5', '0');
INSERT INTO `seat` VALUES ('18', '5', '6', '0');
INSERT INTO `seat` VALUES ('18', '5', '7', '0');
INSERT INTO `seat` VALUES ('18', '5', '8', '0');
INSERT INTO `seat` VALUES ('18', '6', '1', '0');
INSERT INTO `seat` VALUES ('18', '6', '2', '0');
INSERT INTO `seat` VALUES ('18', '6', '3', '0');
INSERT INTO `seat` VALUES ('18', '6', '4', '0');
INSERT INTO `seat` VALUES ('18', '6', '5', '0');
INSERT INTO `seat` VALUES ('18', '6', '6', '0');
INSERT INTO `seat` VALUES ('18', '6', '7', '0');
INSERT INTO `seat` VALUES ('18', '6', '8', '0');
INSERT INTO `seat` VALUES ('18', '7', '1', '0');
INSERT INTO `seat` VALUES ('18', '7', '2', '0');
INSERT INTO `seat` VALUES ('18', '7', '3', '0');
INSERT INTO `seat` VALUES ('18', '7', '4', '0');
INSERT INTO `seat` VALUES ('18', '7', '5', '0');
INSERT INTO `seat` VALUES ('18', '7', '6', '0');
INSERT INTO `seat` VALUES ('18', '7', '7', '0');
INSERT INTO `seat` VALUES ('18', '7', '8', '0');
INSERT INTO `seat` VALUES ('18', '8', '1', '0');
INSERT INTO `seat` VALUES ('18', '8', '2', '0');
INSERT INTO `seat` VALUES ('18', '8', '3', '0');
INSERT INTO `seat` VALUES ('18', '8', '4', '0');
INSERT INTO `seat` VALUES ('18', '8', '5', '0');
INSERT INTO `seat` VALUES ('18', '8', '6', '0');
INSERT INTO `seat` VALUES ('18', '8', '7', '0');
INSERT INTO `seat` VALUES ('18', '8', '8', '0');
INSERT INTO `seat` VALUES ('19', '1', '1', '0');
INSERT INTO `seat` VALUES ('19', '1', '2', '0');
INSERT INTO `seat` VALUES ('19', '1', '3', '0');
INSERT INTO `seat` VALUES ('19', '1', '4', '0');
INSERT INTO `seat` VALUES ('19', '1', '5', '0');
INSERT INTO `seat` VALUES ('19', '1', '6', '0');
INSERT INTO `seat` VALUES ('19', '1', '7', '0');
INSERT INTO `seat` VALUES ('19', '1', '8', '0');
INSERT INTO `seat` VALUES ('19', '2', '1', '0');
INSERT INTO `seat` VALUES ('19', '2', '2', '0');
INSERT INTO `seat` VALUES ('19', '2', '3', '0');
INSERT INTO `seat` VALUES ('19', '2', '4', '0');
INSERT INTO `seat` VALUES ('19', '2', '5', '0');
INSERT INTO `seat` VALUES ('19', '2', '6', '0');
INSERT INTO `seat` VALUES ('19', '2', '7', '0');
INSERT INTO `seat` VALUES ('19', '2', '8', '0');
INSERT INTO `seat` VALUES ('19', '3', '1', '0');
INSERT INTO `seat` VALUES ('19', '3', '2', '0');
INSERT INTO `seat` VALUES ('19', '3', '3', '0');
INSERT INTO `seat` VALUES ('19', '3', '4', '0');
INSERT INTO `seat` VALUES ('19', '3', '5', '0');
INSERT INTO `seat` VALUES ('19', '3', '6', '0');
INSERT INTO `seat` VALUES ('19', '3', '7', '0');
INSERT INTO `seat` VALUES ('19', '3', '8', '0');
INSERT INTO `seat` VALUES ('19', '4', '1', '0');
INSERT INTO `seat` VALUES ('19', '4', '2', '0');
INSERT INTO `seat` VALUES ('19', '4', '3', '0');
INSERT INTO `seat` VALUES ('19', '4', '4', '0');
INSERT INTO `seat` VALUES ('19', '4', '5', '0');
INSERT INTO `seat` VALUES ('19', '4', '6', '0');
INSERT INTO `seat` VALUES ('19', '4', '7', '0');
INSERT INTO `seat` VALUES ('19', '4', '8', '0');
INSERT INTO `seat` VALUES ('19', '5', '1', '0');
INSERT INTO `seat` VALUES ('19', '5', '2', '0');
INSERT INTO `seat` VALUES ('19', '5', '3', '0');
INSERT INTO `seat` VALUES ('19', '5', '4', '0');
INSERT INTO `seat` VALUES ('19', '5', '5', '0');
INSERT INTO `seat` VALUES ('19', '5', '6', '0');
INSERT INTO `seat` VALUES ('19', '5', '7', '0');
INSERT INTO `seat` VALUES ('19', '5', '8', '0');
INSERT INTO `seat` VALUES ('19', '6', '1', '0');
INSERT INTO `seat` VALUES ('19', '6', '2', '0');
INSERT INTO `seat` VALUES ('19', '6', '3', '0');
INSERT INTO `seat` VALUES ('19', '6', '4', '0');
INSERT INTO `seat` VALUES ('19', '6', '5', '0');
INSERT INTO `seat` VALUES ('19', '6', '6', '0');
INSERT INTO `seat` VALUES ('19', '6', '7', '0');
INSERT INTO `seat` VALUES ('19', '6', '8', '0');
INSERT INTO `seat` VALUES ('19', '7', '1', '0');
INSERT INTO `seat` VALUES ('19', '7', '2', '0');
INSERT INTO `seat` VALUES ('19', '7', '3', '0');
INSERT INTO `seat` VALUES ('19', '7', '4', '0');
INSERT INTO `seat` VALUES ('19', '7', '5', '0');
INSERT INTO `seat` VALUES ('19', '7', '6', '0');
INSERT INTO `seat` VALUES ('19', '7', '7', '0');
INSERT INTO `seat` VALUES ('19', '7', '8', '0');
INSERT INTO `seat` VALUES ('19', '8', '1', '0');
INSERT INTO `seat` VALUES ('19', '8', '2', '0');
INSERT INTO `seat` VALUES ('19', '8', '3', '0');
INSERT INTO `seat` VALUES ('19', '8', '4', '0');
INSERT INTO `seat` VALUES ('19', '8', '5', '0');
INSERT INTO `seat` VALUES ('19', '8', '6', '0');
INSERT INTO `seat` VALUES ('19', '8', '7', '0');
INSERT INTO `seat` VALUES ('19', '8', '8', '0');
INSERT INTO `seat` VALUES ('20', '1', '1', '0');
INSERT INTO `seat` VALUES ('20', '1', '2', '0');
INSERT INTO `seat` VALUES ('20', '1', '3', '0');
INSERT INTO `seat` VALUES ('20', '1', '4', '0');
INSERT INTO `seat` VALUES ('20', '1', '5', '0');
INSERT INTO `seat` VALUES ('20', '1', '6', '0');
INSERT INTO `seat` VALUES ('20', '1', '7', '0');
INSERT INTO `seat` VALUES ('20', '1', '8', '0');
INSERT INTO `seat` VALUES ('20', '2', '1', '0');
INSERT INTO `seat` VALUES ('20', '2', '2', '0');
INSERT INTO `seat` VALUES ('20', '2', '3', '0');
INSERT INTO `seat` VALUES ('20', '2', '4', '0');
INSERT INTO `seat` VALUES ('20', '2', '5', '0');
INSERT INTO `seat` VALUES ('20', '2', '6', '0');
INSERT INTO `seat` VALUES ('20', '2', '7', '0');
INSERT INTO `seat` VALUES ('20', '2', '8', '0');
INSERT INTO `seat` VALUES ('20', '3', '1', '0');
INSERT INTO `seat` VALUES ('20', '3', '2', '0');
INSERT INTO `seat` VALUES ('20', '3', '3', '0');
INSERT INTO `seat` VALUES ('20', '3', '4', '0');
INSERT INTO `seat` VALUES ('20', '3', '5', '0');
INSERT INTO `seat` VALUES ('20', '3', '6', '0');
INSERT INTO `seat` VALUES ('20', '3', '7', '0');
INSERT INTO `seat` VALUES ('20', '3', '8', '0');
INSERT INTO `seat` VALUES ('20', '4', '1', '0');
INSERT INTO `seat` VALUES ('20', '4', '2', '0');
INSERT INTO `seat` VALUES ('20', '4', '3', '0');
INSERT INTO `seat` VALUES ('20', '4', '4', '0');
INSERT INTO `seat` VALUES ('20', '4', '5', '0');
INSERT INTO `seat` VALUES ('20', '4', '6', '0');
INSERT INTO `seat` VALUES ('20', '4', '7', '0');
INSERT INTO `seat` VALUES ('20', '4', '8', '0');
INSERT INTO `seat` VALUES ('20', '5', '1', '0');
INSERT INTO `seat` VALUES ('20', '5', '2', '0');
INSERT INTO `seat` VALUES ('20', '5', '3', '0');
INSERT INTO `seat` VALUES ('20', '5', '4', '0');
INSERT INTO `seat` VALUES ('20', '5', '5', '0');
INSERT INTO `seat` VALUES ('20', '5', '6', '0');
INSERT INTO `seat` VALUES ('20', '5', '7', '0');
INSERT INTO `seat` VALUES ('20', '5', '8', '0');
INSERT INTO `seat` VALUES ('20', '6', '1', '0');
INSERT INTO `seat` VALUES ('20', '6', '2', '0');
INSERT INTO `seat` VALUES ('20', '6', '3', '0');
INSERT INTO `seat` VALUES ('20', '6', '4', '0');
INSERT INTO `seat` VALUES ('20', '6', '5', '0');
INSERT INTO `seat` VALUES ('20', '6', '6', '0');
INSERT INTO `seat` VALUES ('20', '6', '7', '0');
INSERT INTO `seat` VALUES ('20', '6', '8', '0');
INSERT INTO `seat` VALUES ('20', '7', '1', '0');
INSERT INTO `seat` VALUES ('20', '7', '2', '0');
INSERT INTO `seat` VALUES ('20', '7', '3', '0');
INSERT INTO `seat` VALUES ('20', '7', '4', '0');
INSERT INTO `seat` VALUES ('20', '7', '5', '0');
INSERT INTO `seat` VALUES ('20', '7', '6', '0');
INSERT INTO `seat` VALUES ('20', '7', '7', '0');
INSERT INTO `seat` VALUES ('20', '7', '8', '0');
INSERT INTO `seat` VALUES ('20', '8', '1', '0');
INSERT INTO `seat` VALUES ('20', '8', '2', '0');
INSERT INTO `seat` VALUES ('20', '8', '3', '0');
INSERT INTO `seat` VALUES ('20', '8', '4', '0');
INSERT INTO `seat` VALUES ('20', '8', '5', '0');
INSERT INTO `seat` VALUES ('20', '8', '6', '0');
INSERT INTO `seat` VALUES ('20', '8', '7', '0');
INSERT INTO `seat` VALUES ('20', '8', '8', '0');
INSERT INTO `seat` VALUES ('21', '1', '1', '0');
INSERT INTO `seat` VALUES ('21', '1', '2', '0');
INSERT INTO `seat` VALUES ('21', '1', '3', '0');
INSERT INTO `seat` VALUES ('21', '1', '4', '0');
INSERT INTO `seat` VALUES ('21', '1', '5', '0');
INSERT INTO `seat` VALUES ('21', '1', '6', '0');
INSERT INTO `seat` VALUES ('21', '1', '7', '0');
INSERT INTO `seat` VALUES ('21', '1', '8', '0');
INSERT INTO `seat` VALUES ('21', '2', '1', '0');
INSERT INTO `seat` VALUES ('21', '2', '2', '0');
INSERT INTO `seat` VALUES ('21', '2', '3', '0');
INSERT INTO `seat` VALUES ('21', '2', '4', '0');
INSERT INTO `seat` VALUES ('21', '2', '5', '0');
INSERT INTO `seat` VALUES ('21', '2', '6', '0');
INSERT INTO `seat` VALUES ('21', '2', '7', '0');
INSERT INTO `seat` VALUES ('21', '2', '8', '0');
INSERT INTO `seat` VALUES ('21', '3', '1', '0');
INSERT INTO `seat` VALUES ('21', '3', '2', '0');
INSERT INTO `seat` VALUES ('21', '3', '3', '0');
INSERT INTO `seat` VALUES ('21', '3', '4', '0');
INSERT INTO `seat` VALUES ('21', '3', '5', '0');
INSERT INTO `seat` VALUES ('21', '3', '6', '0');
INSERT INTO `seat` VALUES ('21', '3', '7', '0');
INSERT INTO `seat` VALUES ('21', '3', '8', '0');
INSERT INTO `seat` VALUES ('21', '4', '1', '0');
INSERT INTO `seat` VALUES ('21', '4', '2', '0');
INSERT INTO `seat` VALUES ('21', '4', '3', '0');
INSERT INTO `seat` VALUES ('21', '4', '4', '0');
INSERT INTO `seat` VALUES ('21', '4', '5', '0');
INSERT INTO `seat` VALUES ('21', '4', '6', '0');
INSERT INTO `seat` VALUES ('21', '4', '7', '0');
INSERT INTO `seat` VALUES ('21', '4', '8', '0');
INSERT INTO `seat` VALUES ('21', '5', '1', '0');
INSERT INTO `seat` VALUES ('21', '5', '2', '0');
INSERT INTO `seat` VALUES ('21', '5', '3', '0');
INSERT INTO `seat` VALUES ('21', '5', '4', '0');
INSERT INTO `seat` VALUES ('21', '5', '5', '0');
INSERT INTO `seat` VALUES ('21', '5', '6', '0');
INSERT INTO `seat` VALUES ('21', '5', '7', '0');
INSERT INTO `seat` VALUES ('21', '5', '8', '0');
INSERT INTO `seat` VALUES ('21', '6', '1', '0');
INSERT INTO `seat` VALUES ('21', '6', '2', '0');
INSERT INTO `seat` VALUES ('21', '6', '3', '0');
INSERT INTO `seat` VALUES ('21', '6', '4', '0');
INSERT INTO `seat` VALUES ('21', '6', '5', '0');
INSERT INTO `seat` VALUES ('21', '6', '6', '0');
INSERT INTO `seat` VALUES ('21', '6', '7', '0');
INSERT INTO `seat` VALUES ('21', '6', '8', '0');
INSERT INTO `seat` VALUES ('21', '7', '1', '0');
INSERT INTO `seat` VALUES ('21', '7', '2', '0');
INSERT INTO `seat` VALUES ('21', '7', '3', '0');
INSERT INTO `seat` VALUES ('21', '7', '4', '0');
INSERT INTO `seat` VALUES ('21', '7', '5', '0');
INSERT INTO `seat` VALUES ('21', '7', '6', '0');
INSERT INTO `seat` VALUES ('21', '7', '7', '0');
INSERT INTO `seat` VALUES ('21', '7', '8', '0');
INSERT INTO `seat` VALUES ('21', '8', '1', '0');
INSERT INTO `seat` VALUES ('21', '8', '2', '0');
INSERT INTO `seat` VALUES ('21', '8', '3', '0');
INSERT INTO `seat` VALUES ('21', '8', '4', '0');
INSERT INTO `seat` VALUES ('21', '8', '5', '0');
INSERT INTO `seat` VALUES ('21', '8', '6', '0');
INSERT INTO `seat` VALUES ('21', '8', '7', '0');
INSERT INTO `seat` VALUES ('21', '8', '8', '0');
INSERT INTO `seat` VALUES ('22', '1', '1', '0');
INSERT INTO `seat` VALUES ('22', '1', '2', '0');
INSERT INTO `seat` VALUES ('22', '1', '3', '0');
INSERT INTO `seat` VALUES ('22', '1', '4', '0');
INSERT INTO `seat` VALUES ('22', '1', '5', '0');
INSERT INTO `seat` VALUES ('22', '1', '6', '0');
INSERT INTO `seat` VALUES ('22', '1', '7', '0');
INSERT INTO `seat` VALUES ('22', '1', '8', '0');
INSERT INTO `seat` VALUES ('22', '2', '1', '0');
INSERT INTO `seat` VALUES ('22', '2', '2', '0');
INSERT INTO `seat` VALUES ('22', '2', '3', '0');
INSERT INTO `seat` VALUES ('22', '2', '4', '0');
INSERT INTO `seat` VALUES ('22', '2', '5', '0');
INSERT INTO `seat` VALUES ('22', '2', '6', '0');
INSERT INTO `seat` VALUES ('22', '2', '7', '0');
INSERT INTO `seat` VALUES ('22', '2', '8', '0');
INSERT INTO `seat` VALUES ('22', '3', '1', '0');
INSERT INTO `seat` VALUES ('22', '3', '2', '0');
INSERT INTO `seat` VALUES ('22', '3', '3', '0');
INSERT INTO `seat` VALUES ('22', '3', '4', '0');
INSERT INTO `seat` VALUES ('22', '3', '5', '0');
INSERT INTO `seat` VALUES ('22', '3', '6', '0');
INSERT INTO `seat` VALUES ('22', '3', '7', '0');
INSERT INTO `seat` VALUES ('22', '3', '8', '0');
INSERT INTO `seat` VALUES ('22', '4', '1', '0');
INSERT INTO `seat` VALUES ('22', '4', '2', '0');
INSERT INTO `seat` VALUES ('22', '4', '3', '0');
INSERT INTO `seat` VALUES ('22', '4', '4', '0');
INSERT INTO `seat` VALUES ('22', '4', '5', '0');
INSERT INTO `seat` VALUES ('22', '4', '6', '0');
INSERT INTO `seat` VALUES ('22', '4', '7', '0');
INSERT INTO `seat` VALUES ('22', '4', '8', '0');
INSERT INTO `seat` VALUES ('22', '5', '1', '0');
INSERT INTO `seat` VALUES ('22', '5', '2', '0');
INSERT INTO `seat` VALUES ('22', '5', '3', '0');
INSERT INTO `seat` VALUES ('22', '5', '4', '0');
INSERT INTO `seat` VALUES ('22', '5', '5', '0');
INSERT INTO `seat` VALUES ('22', '5', '6', '0');
INSERT INTO `seat` VALUES ('22', '5', '7', '0');
INSERT INTO `seat` VALUES ('22', '5', '8', '0');
INSERT INTO `seat` VALUES ('22', '6', '1', '0');
INSERT INTO `seat` VALUES ('22', '6', '2', '0');
INSERT INTO `seat` VALUES ('22', '6', '3', '0');
INSERT INTO `seat` VALUES ('22', '6', '4', '0');
INSERT INTO `seat` VALUES ('22', '6', '5', '0');
INSERT INTO `seat` VALUES ('22', '6', '6', '0');
INSERT INTO `seat` VALUES ('22', '6', '7', '0');
INSERT INTO `seat` VALUES ('22', '6', '8', '0');
INSERT INTO `seat` VALUES ('22', '7', '1', '0');
INSERT INTO `seat` VALUES ('22', '7', '2', '0');
INSERT INTO `seat` VALUES ('22', '7', '3', '0');
INSERT INTO `seat` VALUES ('22', '7', '4', '0');
INSERT INTO `seat` VALUES ('22', '7', '5', '0');
INSERT INTO `seat` VALUES ('22', '7', '6', '0');
INSERT INTO `seat` VALUES ('22', '7', '7', '0');
INSERT INTO `seat` VALUES ('22', '7', '8', '0');
INSERT INTO `seat` VALUES ('22', '8', '1', '0');
INSERT INTO `seat` VALUES ('22', '8', '2', '0');
INSERT INTO `seat` VALUES ('22', '8', '3', '0');
INSERT INTO `seat` VALUES ('22', '8', '4', '0');
INSERT INTO `seat` VALUES ('22', '8', '5', '0');
INSERT INTO `seat` VALUES ('22', '8', '6', '0');
INSERT INTO `seat` VALUES ('22', '8', '7', '0');
INSERT INTO `seat` VALUES ('22', '8', '8', '0');
INSERT INTO `seat` VALUES ('23', '1', '1', '0');
INSERT INTO `seat` VALUES ('23', '1', '2', '0');
INSERT INTO `seat` VALUES ('23', '1', '3', '0');
INSERT INTO `seat` VALUES ('23', '1', '4', '0');
INSERT INTO `seat` VALUES ('23', '1', '5', '0');
INSERT INTO `seat` VALUES ('23', '1', '6', '0');
INSERT INTO `seat` VALUES ('23', '1', '7', '0');
INSERT INTO `seat` VALUES ('23', '1', '8', '0');
INSERT INTO `seat` VALUES ('23', '2', '1', '0');
INSERT INTO `seat` VALUES ('23', '2', '2', '0');
INSERT INTO `seat` VALUES ('23', '2', '3', '0');
INSERT INTO `seat` VALUES ('23', '2', '4', '0');
INSERT INTO `seat` VALUES ('23', '2', '5', '0');
INSERT INTO `seat` VALUES ('23', '2', '6', '0');
INSERT INTO `seat` VALUES ('23', '2', '7', '0');
INSERT INTO `seat` VALUES ('23', '2', '8', '0');
INSERT INTO `seat` VALUES ('23', '3', '1', '0');
INSERT INTO `seat` VALUES ('23', '3', '2', '0');
INSERT INTO `seat` VALUES ('23', '3', '3', '0');
INSERT INTO `seat` VALUES ('23', '3', '4', '0');
INSERT INTO `seat` VALUES ('23', '3', '5', '0');
INSERT INTO `seat` VALUES ('23', '3', '6', '0');
INSERT INTO `seat` VALUES ('23', '3', '7', '0');
INSERT INTO `seat` VALUES ('23', '3', '8', '0');
INSERT INTO `seat` VALUES ('23', '4', '1', '0');
INSERT INTO `seat` VALUES ('23', '4', '2', '0');
INSERT INTO `seat` VALUES ('23', '4', '3', '0');
INSERT INTO `seat` VALUES ('23', '4', '4', '0');
INSERT INTO `seat` VALUES ('23', '4', '5', '0');
INSERT INTO `seat` VALUES ('23', '4', '6', '0');
INSERT INTO `seat` VALUES ('23', '4', '7', '0');
INSERT INTO `seat` VALUES ('23', '4', '8', '0');
INSERT INTO `seat` VALUES ('23', '5', '1', '0');
INSERT INTO `seat` VALUES ('23', '5', '2', '0');
INSERT INTO `seat` VALUES ('23', '5', '3', '0');
INSERT INTO `seat` VALUES ('23', '5', '4', '0');
INSERT INTO `seat` VALUES ('23', '5', '5', '0');
INSERT INTO `seat` VALUES ('23', '5', '6', '0');
INSERT INTO `seat` VALUES ('23', '5', '7', '0');
INSERT INTO `seat` VALUES ('23', '5', '8', '0');
INSERT INTO `seat` VALUES ('23', '6', '1', '0');
INSERT INTO `seat` VALUES ('23', '6', '2', '0');
INSERT INTO `seat` VALUES ('23', '6', '3', '0');
INSERT INTO `seat` VALUES ('23', '6', '4', '0');
INSERT INTO `seat` VALUES ('23', '6', '5', '0');
INSERT INTO `seat` VALUES ('23', '6', '6', '0');
INSERT INTO `seat` VALUES ('23', '6', '7', '0');
INSERT INTO `seat` VALUES ('23', '6', '8', '0');
INSERT INTO `seat` VALUES ('23', '7', '1', '0');
INSERT INTO `seat` VALUES ('23', '7', '2', '0');
INSERT INTO `seat` VALUES ('23', '7', '3', '0');
INSERT INTO `seat` VALUES ('23', '7', '4', '0');
INSERT INTO `seat` VALUES ('23', '7', '5', '0');
INSERT INTO `seat` VALUES ('23', '7', '6', '0');
INSERT INTO `seat` VALUES ('23', '7', '7', '0');
INSERT INTO `seat` VALUES ('23', '7', '8', '0');
INSERT INTO `seat` VALUES ('23', '8', '1', '0');
INSERT INTO `seat` VALUES ('23', '8', '2', '0');
INSERT INTO `seat` VALUES ('23', '8', '3', '0');
INSERT INTO `seat` VALUES ('23', '8', '4', '0');
INSERT INTO `seat` VALUES ('23', '8', '5', '0');
INSERT INTO `seat` VALUES ('23', '8', '6', '0');
INSERT INTO `seat` VALUES ('23', '8', '7', '0');
INSERT INTO `seat` VALUES ('23', '8', '8', '0');
INSERT INTO `seat` VALUES ('24', '1', '1', '0');
INSERT INTO `seat` VALUES ('24', '1', '2', '0');
INSERT INTO `seat` VALUES ('24', '1', '3', '0');
INSERT INTO `seat` VALUES ('24', '1', '4', '0');
INSERT INTO `seat` VALUES ('24', '1', '5', '0');
INSERT INTO `seat` VALUES ('24', '1', '6', '0');
INSERT INTO `seat` VALUES ('24', '1', '7', '0');
INSERT INTO `seat` VALUES ('24', '1', '8', '0');
INSERT INTO `seat` VALUES ('24', '2', '1', '0');
INSERT INTO `seat` VALUES ('24', '2', '2', '0');
INSERT INTO `seat` VALUES ('24', '2', '3', '0');
INSERT INTO `seat` VALUES ('24', '2', '4', '0');
INSERT INTO `seat` VALUES ('24', '2', '5', '0');
INSERT INTO `seat` VALUES ('24', '2', '6', '0');
INSERT INTO `seat` VALUES ('24', '2', '7', '0');
INSERT INTO `seat` VALUES ('24', '2', '8', '0');
INSERT INTO `seat` VALUES ('24', '3', '1', '0');
INSERT INTO `seat` VALUES ('24', '3', '2', '0');
INSERT INTO `seat` VALUES ('24', '3', '3', '0');
INSERT INTO `seat` VALUES ('24', '3', '4', '0');
INSERT INTO `seat` VALUES ('24', '3', '5', '0');
INSERT INTO `seat` VALUES ('24', '3', '6', '0');
INSERT INTO `seat` VALUES ('24', '3', '7', '0');
INSERT INTO `seat` VALUES ('24', '3', '8', '0');
INSERT INTO `seat` VALUES ('24', '4', '1', '0');
INSERT INTO `seat` VALUES ('24', '4', '2', '0');
INSERT INTO `seat` VALUES ('24', '4', '3', '0');
INSERT INTO `seat` VALUES ('24', '4', '4', '0');
INSERT INTO `seat` VALUES ('24', '4', '5', '0');
INSERT INTO `seat` VALUES ('24', '4', '6', '0');
INSERT INTO `seat` VALUES ('24', '4', '7', '0');
INSERT INTO `seat` VALUES ('24', '4', '8', '0');
INSERT INTO `seat` VALUES ('24', '5', '1', '0');
INSERT INTO `seat` VALUES ('24', '5', '2', '0');
INSERT INTO `seat` VALUES ('24', '5', '3', '0');
INSERT INTO `seat` VALUES ('24', '5', '4', '0');
INSERT INTO `seat` VALUES ('24', '5', '5', '0');
INSERT INTO `seat` VALUES ('24', '5', '6', '0');
INSERT INTO `seat` VALUES ('24', '5', '7', '0');
INSERT INTO `seat` VALUES ('24', '5', '8', '0');
INSERT INTO `seat` VALUES ('24', '6', '1', '0');
INSERT INTO `seat` VALUES ('24', '6', '2', '0');
INSERT INTO `seat` VALUES ('24', '6', '3', '0');
INSERT INTO `seat` VALUES ('24', '6', '4', '0');
INSERT INTO `seat` VALUES ('24', '6', '5', '0');
INSERT INTO `seat` VALUES ('24', '6', '6', '0');
INSERT INTO `seat` VALUES ('24', '6', '7', '0');
INSERT INTO `seat` VALUES ('24', '6', '8', '0');
INSERT INTO `seat` VALUES ('24', '7', '1', '0');
INSERT INTO `seat` VALUES ('24', '7', '2', '0');
INSERT INTO `seat` VALUES ('24', '7', '3', '0');
INSERT INTO `seat` VALUES ('24', '7', '4', '0');
INSERT INTO `seat` VALUES ('24', '7', '5', '0');
INSERT INTO `seat` VALUES ('24', '7', '6', '0');
INSERT INTO `seat` VALUES ('24', '7', '7', '0');
INSERT INTO `seat` VALUES ('24', '7', '8', '0');
INSERT INTO `seat` VALUES ('24', '8', '1', '0');
INSERT INTO `seat` VALUES ('24', '8', '2', '0');
INSERT INTO `seat` VALUES ('24', '8', '3', '0');
INSERT INTO `seat` VALUES ('24', '8', '4', '0');
INSERT INTO `seat` VALUES ('24', '8', '5', '0');
INSERT INTO `seat` VALUES ('24', '8', '6', '0');
INSERT INTO `seat` VALUES ('24', '8', '7', '0');
INSERT INTO `seat` VALUES ('24', '8', '8', '0');
INSERT INTO `seat` VALUES ('25', '1', '1', '0');
INSERT INTO `seat` VALUES ('25', '1', '2', '0');
INSERT INTO `seat` VALUES ('25', '1', '3', '0');
INSERT INTO `seat` VALUES ('25', '1', '4', '0');
INSERT INTO `seat` VALUES ('25', '1', '5', '0');
INSERT INTO `seat` VALUES ('25', '1', '6', '0');
INSERT INTO `seat` VALUES ('25', '1', '7', '0');
INSERT INTO `seat` VALUES ('25', '1', '8', '0');
INSERT INTO `seat` VALUES ('25', '2', '1', '0');
INSERT INTO `seat` VALUES ('25', '2', '2', '0');
INSERT INTO `seat` VALUES ('25', '2', '3', '0');
INSERT INTO `seat` VALUES ('25', '2', '4', '0');
INSERT INTO `seat` VALUES ('25', '2', '5', '0');
INSERT INTO `seat` VALUES ('25', '2', '6', '0');
INSERT INTO `seat` VALUES ('25', '2', '7', '0');
INSERT INTO `seat` VALUES ('25', '2', '8', '0');
INSERT INTO `seat` VALUES ('25', '3', '1', '0');
INSERT INTO `seat` VALUES ('25', '3', '2', '0');
INSERT INTO `seat` VALUES ('25', '3', '3', '0');
INSERT INTO `seat` VALUES ('25', '3', '4', '0');
INSERT INTO `seat` VALUES ('25', '3', '5', '0');
INSERT INTO `seat` VALUES ('25', '3', '6', '0');
INSERT INTO `seat` VALUES ('25', '3', '7', '0');
INSERT INTO `seat` VALUES ('25', '3', '8', '0');
INSERT INTO `seat` VALUES ('25', '4', '1', '0');
INSERT INTO `seat` VALUES ('25', '4', '2', '0');
INSERT INTO `seat` VALUES ('25', '4', '3', '0');
INSERT INTO `seat` VALUES ('25', '4', '4', '0');
INSERT INTO `seat` VALUES ('25', '4', '5', '0');
INSERT INTO `seat` VALUES ('25', '4', '6', '0');
INSERT INTO `seat` VALUES ('25', '4', '7', '0');
INSERT INTO `seat` VALUES ('25', '4', '8', '0');
INSERT INTO `seat` VALUES ('25', '5', '1', '0');
INSERT INTO `seat` VALUES ('25', '5', '2', '0');
INSERT INTO `seat` VALUES ('25', '5', '3', '0');
INSERT INTO `seat` VALUES ('25', '5', '4', '0');
INSERT INTO `seat` VALUES ('25', '5', '5', '0');
INSERT INTO `seat` VALUES ('25', '5', '6', '0');
INSERT INTO `seat` VALUES ('25', '5', '7', '0');
INSERT INTO `seat` VALUES ('25', '5', '8', '0');
INSERT INTO `seat` VALUES ('25', '6', '1', '0');
INSERT INTO `seat` VALUES ('25', '6', '2', '0');
INSERT INTO `seat` VALUES ('25', '6', '3', '0');
INSERT INTO `seat` VALUES ('25', '6', '4', '0');
INSERT INTO `seat` VALUES ('25', '6', '5', '0');
INSERT INTO `seat` VALUES ('25', '6', '6', '0');
INSERT INTO `seat` VALUES ('25', '6', '7', '0');
INSERT INTO `seat` VALUES ('25', '6', '8', '0');
INSERT INTO `seat` VALUES ('25', '7', '1', '0');
INSERT INTO `seat` VALUES ('25', '7', '2', '0');
INSERT INTO `seat` VALUES ('25', '7', '3', '0');
INSERT INTO `seat` VALUES ('25', '7', '4', '0');
INSERT INTO `seat` VALUES ('25', '7', '5', '0');
INSERT INTO `seat` VALUES ('25', '7', '6', '0');
INSERT INTO `seat` VALUES ('25', '7', '7', '0');
INSERT INTO `seat` VALUES ('25', '7', '8', '0');
INSERT INTO `seat` VALUES ('25', '8', '1', '0');
INSERT INTO `seat` VALUES ('25', '8', '2', '0');
INSERT INTO `seat` VALUES ('25', '8', '3', '0');
INSERT INTO `seat` VALUES ('25', '8', '4', '0');
INSERT INTO `seat` VALUES ('25', '8', '5', '0');
INSERT INTO `seat` VALUES ('25', '8', '6', '0');
INSERT INTO `seat` VALUES ('25', '8', '7', '0');
INSERT INTO `seat` VALUES ('25', '8', '8', '0');
INSERT INTO `seat` VALUES ('26', '1', '1', '0');
INSERT INTO `seat` VALUES ('26', '1', '2', '0');
INSERT INTO `seat` VALUES ('26', '1', '3', '0');
INSERT INTO `seat` VALUES ('26', '1', '4', '0');
INSERT INTO `seat` VALUES ('26', '1', '5', '0');
INSERT INTO `seat` VALUES ('26', '1', '6', '0');
INSERT INTO `seat` VALUES ('26', '1', '7', '0');
INSERT INTO `seat` VALUES ('26', '1', '8', '0');
INSERT INTO `seat` VALUES ('26', '2', '1', '0');
INSERT INTO `seat` VALUES ('26', '2', '2', '0');
INSERT INTO `seat` VALUES ('26', '2', '3', '0');
INSERT INTO `seat` VALUES ('26', '2', '4', '0');
INSERT INTO `seat` VALUES ('26', '2', '5', '0');
INSERT INTO `seat` VALUES ('26', '2', '6', '0');
INSERT INTO `seat` VALUES ('26', '2', '7', '0');
INSERT INTO `seat` VALUES ('26', '2', '8', '0');
INSERT INTO `seat` VALUES ('26', '3', '1', '0');
INSERT INTO `seat` VALUES ('26', '3', '2', '0');
INSERT INTO `seat` VALUES ('26', '3', '3', '0');
INSERT INTO `seat` VALUES ('26', '3', '4', '0');
INSERT INTO `seat` VALUES ('26', '3', '5', '0');
INSERT INTO `seat` VALUES ('26', '3', '6', '0');
INSERT INTO `seat` VALUES ('26', '3', '7', '0');
INSERT INTO `seat` VALUES ('26', '3', '8', '0');
INSERT INTO `seat` VALUES ('26', '4', '1', '0');
INSERT INTO `seat` VALUES ('26', '4', '2', '0');
INSERT INTO `seat` VALUES ('26', '4', '3', '0');
INSERT INTO `seat` VALUES ('26', '4', '4', '0');
INSERT INTO `seat` VALUES ('26', '4', '5', '0');
INSERT INTO `seat` VALUES ('26', '4', '6', '0');
INSERT INTO `seat` VALUES ('26', '4', '7', '0');
INSERT INTO `seat` VALUES ('26', '4', '8', '0');
INSERT INTO `seat` VALUES ('26', '5', '1', '0');
INSERT INTO `seat` VALUES ('26', '5', '2', '0');
INSERT INTO `seat` VALUES ('26', '5', '3', '0');
INSERT INTO `seat` VALUES ('26', '5', '4', '0');
INSERT INTO `seat` VALUES ('26', '5', '5', '0');
INSERT INTO `seat` VALUES ('26', '5', '6', '0');
INSERT INTO `seat` VALUES ('26', '5', '7', '0');
INSERT INTO `seat` VALUES ('26', '5', '8', '0');
INSERT INTO `seat` VALUES ('26', '6', '1', '0');
INSERT INTO `seat` VALUES ('26', '6', '2', '0');
INSERT INTO `seat` VALUES ('26', '6', '3', '0');
INSERT INTO `seat` VALUES ('26', '6', '4', '0');
INSERT INTO `seat` VALUES ('26', '6', '5', '0');
INSERT INTO `seat` VALUES ('26', '6', '6', '0');
INSERT INTO `seat` VALUES ('26', '6', '7', '0');
INSERT INTO `seat` VALUES ('26', '6', '8', '0');
INSERT INTO `seat` VALUES ('26', '7', '1', '0');
INSERT INTO `seat` VALUES ('26', '7', '2', '0');
INSERT INTO `seat` VALUES ('26', '7', '3', '0');
INSERT INTO `seat` VALUES ('26', '7', '4', '0');
INSERT INTO `seat` VALUES ('26', '7', '5', '0');
INSERT INTO `seat` VALUES ('26', '7', '6', '0');
INSERT INTO `seat` VALUES ('26', '7', '7', '0');
INSERT INTO `seat` VALUES ('26', '7', '8', '0');
INSERT INTO `seat` VALUES ('26', '8', '1', '0');
INSERT INTO `seat` VALUES ('26', '8', '2', '0');
INSERT INTO `seat` VALUES ('26', '8', '3', '0');
INSERT INTO `seat` VALUES ('26', '8', '4', '0');
INSERT INTO `seat` VALUES ('26', '8', '5', '0');
INSERT INTO `seat` VALUES ('26', '8', '6', '0');
INSERT INTO `seat` VALUES ('26', '8', '7', '0');
INSERT INTO `seat` VALUES ('26', '8', '8', '0');
INSERT INTO `seat` VALUES ('27', '1', '1', '0');
INSERT INTO `seat` VALUES ('27', '1', '2', '0');
INSERT INTO `seat` VALUES ('27', '1', '3', '0');
INSERT INTO `seat` VALUES ('27', '1', '4', '0');
INSERT INTO `seat` VALUES ('27', '1', '5', '0');
INSERT INTO `seat` VALUES ('27', '1', '6', '0');
INSERT INTO `seat` VALUES ('27', '1', '7', '0');
INSERT INTO `seat` VALUES ('27', '1', '8', '0');
INSERT INTO `seat` VALUES ('27', '2', '1', '0');
INSERT INTO `seat` VALUES ('27', '2', '2', '0');
INSERT INTO `seat` VALUES ('27', '2', '3', '0');
INSERT INTO `seat` VALUES ('27', '2', '4', '0');
INSERT INTO `seat` VALUES ('27', '2', '5', '0');
INSERT INTO `seat` VALUES ('27', '2', '6', '0');
INSERT INTO `seat` VALUES ('27', '2', '7', '0');
INSERT INTO `seat` VALUES ('27', '2', '8', '0');
INSERT INTO `seat` VALUES ('27', '3', '1', '0');
INSERT INTO `seat` VALUES ('27', '3', '2', '0');
INSERT INTO `seat` VALUES ('27', '3', '3', '0');
INSERT INTO `seat` VALUES ('27', '3', '4', '0');
INSERT INTO `seat` VALUES ('27', '3', '5', '0');
INSERT INTO `seat` VALUES ('27', '3', '6', '0');
INSERT INTO `seat` VALUES ('27', '3', '7', '0');
INSERT INTO `seat` VALUES ('27', '3', '8', '0');
INSERT INTO `seat` VALUES ('27', '4', '1', '0');
INSERT INTO `seat` VALUES ('27', '4', '2', '0');
INSERT INTO `seat` VALUES ('27', '4', '3', '0');
INSERT INTO `seat` VALUES ('27', '4', '4', '0');
INSERT INTO `seat` VALUES ('27', '4', '5', '0');
INSERT INTO `seat` VALUES ('27', '4', '6', '0');
INSERT INTO `seat` VALUES ('27', '4', '7', '0');
INSERT INTO `seat` VALUES ('27', '4', '8', '0');
INSERT INTO `seat` VALUES ('27', '5', '1', '0');
INSERT INTO `seat` VALUES ('27', '5', '2', '0');
INSERT INTO `seat` VALUES ('27', '5', '3', '0');
INSERT INTO `seat` VALUES ('27', '5', '4', '0');
INSERT INTO `seat` VALUES ('27', '5', '5', '0');
INSERT INTO `seat` VALUES ('27', '5', '6', '0');
INSERT INTO `seat` VALUES ('27', '5', '7', '0');
INSERT INTO `seat` VALUES ('27', '5', '8', '0');
INSERT INTO `seat` VALUES ('27', '6', '1', '0');
INSERT INTO `seat` VALUES ('27', '6', '2', '0');
INSERT INTO `seat` VALUES ('27', '6', '3', '0');
INSERT INTO `seat` VALUES ('27', '6', '4', '0');
INSERT INTO `seat` VALUES ('27', '6', '5', '0');
INSERT INTO `seat` VALUES ('27', '6', '6', '0');
INSERT INTO `seat` VALUES ('27', '6', '7', '0');
INSERT INTO `seat` VALUES ('27', '6', '8', '0');
INSERT INTO `seat` VALUES ('27', '7', '1', '0');
INSERT INTO `seat` VALUES ('27', '7', '2', '0');
INSERT INTO `seat` VALUES ('27', '7', '3', '0');
INSERT INTO `seat` VALUES ('27', '7', '4', '0');
INSERT INTO `seat` VALUES ('27', '7', '5', '0');
INSERT INTO `seat` VALUES ('27', '7', '6', '0');
INSERT INTO `seat` VALUES ('27', '7', '7', '0');
INSERT INTO `seat` VALUES ('27', '7', '8', '0');
INSERT INTO `seat` VALUES ('27', '8', '1', '0');
INSERT INTO `seat` VALUES ('27', '8', '2', '0');
INSERT INTO `seat` VALUES ('27', '8', '3', '0');
INSERT INTO `seat` VALUES ('27', '8', '4', '0');
INSERT INTO `seat` VALUES ('27', '8', '5', '0');
INSERT INTO `seat` VALUES ('27', '8', '6', '0');
INSERT INTO `seat` VALUES ('27', '8', '7', '0');
INSERT INTO `seat` VALUES ('27', '8', '8', '0');
INSERT INTO `seat` VALUES ('28', '1', '1', '0');
INSERT INTO `seat` VALUES ('28', '1', '2', '0');
INSERT INTO `seat` VALUES ('28', '1', '3', '0');
INSERT INTO `seat` VALUES ('28', '1', '4', '0');
INSERT INTO `seat` VALUES ('28', '1', '5', '0');
INSERT INTO `seat` VALUES ('28', '1', '6', '0');
INSERT INTO `seat` VALUES ('28', '1', '7', '0');
INSERT INTO `seat` VALUES ('28', '1', '8', '0');
INSERT INTO `seat` VALUES ('28', '2', '1', '0');
INSERT INTO `seat` VALUES ('28', '2', '2', '0');
INSERT INTO `seat` VALUES ('28', '2', '3', '0');
INSERT INTO `seat` VALUES ('28', '2', '4', '0');
INSERT INTO `seat` VALUES ('28', '2', '5', '0');
INSERT INTO `seat` VALUES ('28', '2', '6', '0');
INSERT INTO `seat` VALUES ('28', '2', '7', '0');
INSERT INTO `seat` VALUES ('28', '2', '8', '0');
INSERT INTO `seat` VALUES ('28', '3', '1', '0');
INSERT INTO `seat` VALUES ('28', '3', '2', '0');
INSERT INTO `seat` VALUES ('28', '3', '3', '0');
INSERT INTO `seat` VALUES ('28', '3', '4', '0');
INSERT INTO `seat` VALUES ('28', '3', '5', '0');
INSERT INTO `seat` VALUES ('28', '3', '6', '0');
INSERT INTO `seat` VALUES ('28', '3', '7', '0');
INSERT INTO `seat` VALUES ('28', '3', '8', '0');
INSERT INTO `seat` VALUES ('28', '4', '1', '0');
INSERT INTO `seat` VALUES ('28', '4', '2', '0');
INSERT INTO `seat` VALUES ('28', '4', '3', '0');
INSERT INTO `seat` VALUES ('28', '4', '4', '0');
INSERT INTO `seat` VALUES ('28', '4', '5', '0');
INSERT INTO `seat` VALUES ('28', '4', '6', '0');
INSERT INTO `seat` VALUES ('28', '4', '7', '0');
INSERT INTO `seat` VALUES ('28', '4', '8', '0');
INSERT INTO `seat` VALUES ('28', '5', '1', '0');
INSERT INTO `seat` VALUES ('28', '5', '2', '0');
INSERT INTO `seat` VALUES ('28', '5', '3', '0');
INSERT INTO `seat` VALUES ('28', '5', '4', '0');
INSERT INTO `seat` VALUES ('28', '5', '5', '0');
INSERT INTO `seat` VALUES ('28', '5', '6', '0');
INSERT INTO `seat` VALUES ('28', '5', '7', '0');
INSERT INTO `seat` VALUES ('28', '5', '8', '0');
INSERT INTO `seat` VALUES ('28', '6', '1', '0');
INSERT INTO `seat` VALUES ('28', '6', '2', '0');
INSERT INTO `seat` VALUES ('28', '6', '3', '0');
INSERT INTO `seat` VALUES ('28', '6', '4', '0');
INSERT INTO `seat` VALUES ('28', '6', '5', '0');
INSERT INTO `seat` VALUES ('28', '6', '6', '0');
INSERT INTO `seat` VALUES ('28', '6', '7', '0');
INSERT INTO `seat` VALUES ('28', '6', '8', '0');
INSERT INTO `seat` VALUES ('28', '7', '1', '0');
INSERT INTO `seat` VALUES ('28', '7', '2', '0');
INSERT INTO `seat` VALUES ('28', '7', '3', '0');
INSERT INTO `seat` VALUES ('28', '7', '4', '0');
INSERT INTO `seat` VALUES ('28', '7', '5', '0');
INSERT INTO `seat` VALUES ('28', '7', '6', '0');
INSERT INTO `seat` VALUES ('28', '7', '7', '0');
INSERT INTO `seat` VALUES ('28', '7', '8', '0');
INSERT INTO `seat` VALUES ('28', '8', '1', '0');
INSERT INTO `seat` VALUES ('28', '8', '2', '0');
INSERT INTO `seat` VALUES ('28', '8', '3', '0');
INSERT INTO `seat` VALUES ('28', '8', '4', '0');
INSERT INTO `seat` VALUES ('28', '8', '5', '0');
INSERT INTO `seat` VALUES ('28', '8', '6', '0');
INSERT INTO `seat` VALUES ('28', '8', '7', '0');
INSERT INTO `seat` VALUES ('28', '8', '8', '0');
INSERT INTO `seat` VALUES ('29', '1', '1', '0');
INSERT INTO `seat` VALUES ('29', '1', '2', '0');
INSERT INTO `seat` VALUES ('29', '1', '3', '0');
INSERT INTO `seat` VALUES ('29', '1', '4', '0');
INSERT INTO `seat` VALUES ('29', '1', '5', '0');
INSERT INTO `seat` VALUES ('29', '1', '6', '0');
INSERT INTO `seat` VALUES ('29', '1', '7', '0');
INSERT INTO `seat` VALUES ('29', '1', '8', '0');
INSERT INTO `seat` VALUES ('29', '2', '1', '0');
INSERT INTO `seat` VALUES ('29', '2', '2', '0');
INSERT INTO `seat` VALUES ('29', '2', '3', '0');
INSERT INTO `seat` VALUES ('29', '2', '4', '0');
INSERT INTO `seat` VALUES ('29', '2', '5', '0');
INSERT INTO `seat` VALUES ('29', '2', '6', '0');
INSERT INTO `seat` VALUES ('29', '2', '7', '0');
INSERT INTO `seat` VALUES ('29', '2', '8', '0');
INSERT INTO `seat` VALUES ('29', '3', '1', '0');
INSERT INTO `seat` VALUES ('29', '3', '2', '0');
INSERT INTO `seat` VALUES ('29', '3', '3', '0');
INSERT INTO `seat` VALUES ('29', '3', '4', '0');
INSERT INTO `seat` VALUES ('29', '3', '5', '0');
INSERT INTO `seat` VALUES ('29', '3', '6', '0');
INSERT INTO `seat` VALUES ('29', '3', '7', '0');
INSERT INTO `seat` VALUES ('29', '3', '8', '0');
INSERT INTO `seat` VALUES ('29', '4', '1', '0');
INSERT INTO `seat` VALUES ('29', '4', '2', '0');
INSERT INTO `seat` VALUES ('29', '4', '3', '0');
INSERT INTO `seat` VALUES ('29', '4', '4', '0');
INSERT INTO `seat` VALUES ('29', '4', '5', '0');
INSERT INTO `seat` VALUES ('29', '4', '6', '0');
INSERT INTO `seat` VALUES ('29', '4', '7', '0');
INSERT INTO `seat` VALUES ('29', '4', '8', '0');
INSERT INTO `seat` VALUES ('29', '5', '1', '0');
INSERT INTO `seat` VALUES ('29', '5', '2', '0');
INSERT INTO `seat` VALUES ('29', '5', '3', '0');
INSERT INTO `seat` VALUES ('29', '5', '4', '0');
INSERT INTO `seat` VALUES ('29', '5', '5', '0');
INSERT INTO `seat` VALUES ('29', '5', '6', '0');
INSERT INTO `seat` VALUES ('29', '5', '7', '0');
INSERT INTO `seat` VALUES ('29', '5', '8', '0');
INSERT INTO `seat` VALUES ('29', '6', '1', '0');
INSERT INTO `seat` VALUES ('29', '6', '2', '0');
INSERT INTO `seat` VALUES ('29', '6', '3', '0');
INSERT INTO `seat` VALUES ('29', '6', '4', '0');
INSERT INTO `seat` VALUES ('29', '6', '5', '0');
INSERT INTO `seat` VALUES ('29', '6', '6', '0');
INSERT INTO `seat` VALUES ('29', '6', '7', '0');
INSERT INTO `seat` VALUES ('29', '6', '8', '0');
INSERT INTO `seat` VALUES ('29', '7', '1', '0');
INSERT INTO `seat` VALUES ('29', '7', '2', '0');
INSERT INTO `seat` VALUES ('29', '7', '3', '0');
INSERT INTO `seat` VALUES ('29', '7', '4', '0');
INSERT INTO `seat` VALUES ('29', '7', '5', '0');
INSERT INTO `seat` VALUES ('29', '7', '6', '0');
INSERT INTO `seat` VALUES ('29', '7', '7', '0');
INSERT INTO `seat` VALUES ('29', '7', '8', '0');
INSERT INTO `seat` VALUES ('29', '8', '1', '0');
INSERT INTO `seat` VALUES ('29', '8', '2', '0');
INSERT INTO `seat` VALUES ('29', '8', '3', '0');
INSERT INTO `seat` VALUES ('29', '8', '4', '0');
INSERT INTO `seat` VALUES ('29', '8', '5', '0');
INSERT INTO `seat` VALUES ('29', '8', '6', '0');
INSERT INTO `seat` VALUES ('29', '8', '7', '0');
INSERT INTO `seat` VALUES ('29', '8', '8', '0');
INSERT INTO `seat` VALUES ('30', '1', '1', '0');
INSERT INTO `seat` VALUES ('30', '1', '2', '0');
INSERT INTO `seat` VALUES ('30', '1', '3', '0');
INSERT INTO `seat` VALUES ('30', '1', '4', '0');
INSERT INTO `seat` VALUES ('30', '1', '5', '0');
INSERT INTO `seat` VALUES ('30', '1', '6', '0');
INSERT INTO `seat` VALUES ('30', '1', '7', '0');
INSERT INTO `seat` VALUES ('30', '1', '8', '0');
INSERT INTO `seat` VALUES ('30', '2', '1', '0');
INSERT INTO `seat` VALUES ('30', '2', '2', '0');
INSERT INTO `seat` VALUES ('30', '2', '3', '0');
INSERT INTO `seat` VALUES ('30', '2', '4', '0');
INSERT INTO `seat` VALUES ('30', '2', '5', '0');
INSERT INTO `seat` VALUES ('30', '2', '6', '0');
INSERT INTO `seat` VALUES ('30', '2', '7', '0');
INSERT INTO `seat` VALUES ('30', '2', '8', '0');
INSERT INTO `seat` VALUES ('30', '3', '1', '0');
INSERT INTO `seat` VALUES ('30', '3', '2', '0');
INSERT INTO `seat` VALUES ('30', '3', '3', '0');
INSERT INTO `seat` VALUES ('30', '3', '4', '0');
INSERT INTO `seat` VALUES ('30', '3', '5', '0');
INSERT INTO `seat` VALUES ('30', '3', '6', '0');
INSERT INTO `seat` VALUES ('30', '3', '7', '0');
INSERT INTO `seat` VALUES ('30', '3', '8', '0');
INSERT INTO `seat` VALUES ('30', '4', '1', '0');
INSERT INTO `seat` VALUES ('30', '4', '2', '0');
INSERT INTO `seat` VALUES ('30', '4', '3', '0');
INSERT INTO `seat` VALUES ('30', '4', '4', '0');
INSERT INTO `seat` VALUES ('30', '4', '5', '0');
INSERT INTO `seat` VALUES ('30', '4', '6', '0');
INSERT INTO `seat` VALUES ('30', '4', '7', '0');
INSERT INTO `seat` VALUES ('30', '4', '8', '0');
INSERT INTO `seat` VALUES ('30', '5', '1', '0');
INSERT INTO `seat` VALUES ('30', '5', '2', '0');
INSERT INTO `seat` VALUES ('30', '5', '3', '0');
INSERT INTO `seat` VALUES ('30', '5', '4', '0');
INSERT INTO `seat` VALUES ('30', '5', '5', '0');
INSERT INTO `seat` VALUES ('30', '5', '6', '0');
INSERT INTO `seat` VALUES ('30', '5', '7', '0');
INSERT INTO `seat` VALUES ('30', '5', '8', '0');
INSERT INTO `seat` VALUES ('30', '6', '1', '0');
INSERT INTO `seat` VALUES ('30', '6', '2', '0');
INSERT INTO `seat` VALUES ('30', '6', '3', '0');
INSERT INTO `seat` VALUES ('30', '6', '4', '0');
INSERT INTO `seat` VALUES ('30', '6', '5', '0');
INSERT INTO `seat` VALUES ('30', '6', '6', '0');
INSERT INTO `seat` VALUES ('30', '6', '7', '0');
INSERT INTO `seat` VALUES ('30', '6', '8', '0');
INSERT INTO `seat` VALUES ('30', '7', '1', '0');
INSERT INTO `seat` VALUES ('30', '7', '2', '0');
INSERT INTO `seat` VALUES ('30', '7', '3', '0');
INSERT INTO `seat` VALUES ('30', '7', '4', '0');
INSERT INTO `seat` VALUES ('30', '7', '5', '0');
INSERT INTO `seat` VALUES ('30', '7', '6', '0');
INSERT INTO `seat` VALUES ('30', '7', '7', '0');
INSERT INTO `seat` VALUES ('30', '7', '8', '0');
INSERT INTO `seat` VALUES ('30', '8', '1', '0');
INSERT INTO `seat` VALUES ('30', '8', '2', '0');
INSERT INTO `seat` VALUES ('30', '8', '3', '0');
INSERT INTO `seat` VALUES ('30', '8', '4', '0');
INSERT INTO `seat` VALUES ('30', '8', '5', '0');
INSERT INTO `seat` VALUES ('30', '8', '6', '0');
INSERT INTO `seat` VALUES ('30', '8', '7', '0');
INSERT INTO `seat` VALUES ('30', '8', '8', '0');

-- ----------------------------
-- Table structure for show
-- ----------------------------
DROP TABLE IF EXISTS `show`;
CREATE TABLE `show` (
  `id` bigint(20) NOT NULL AUTO_INCREMENT,
  `theater_name` varchar(255) DEFAULT NULL,
  `time` varchar(255) DEFAULT NULL,
  `price` int(11) DEFAULT NULL,
  `movie_id` bigint(20) DEFAULT NULL,
  `seat_map` varchar(255) DEFAULT NULL,
  PRIMARY KEY (`id`)
) ENGINE=InnoDB AUTO_INCREMENT=31 DEFAULT CHARSET=utf8;

-- ----------------------------
-- Records of show
-- ----------------------------
INSERT INTO `show` VALUES ('1', 'ABC', '10:30', '130', '1', 'aaaaaaaa|aaaaaaaa|________|aaa__aaa|aaa__aaa|aaa__aaa|aaa__aaa|aaaaaaaa|');
INSERT INTO `show` VALUES ('2', 'ABC', '14:30', '100', '1', 'aaaaaaaa|aaaaaaaa|________|aaa__aaa|aaa__aaa|aaa__aaa|aaa__aaa|aaaaaaaa|');
INSERT INTO `show` VALUES ('3', 'UKnow', '10:00', '20', '1', 'aaaaaaaa|aaaaaaaa|aaaaaaaa|aaaaaaaa|aaaaaaaa|aaaaaaaa|aaaaaaaa|aaaaaaaa|');
INSERT INTO `show` VALUES ('4', 'UKnow', '14:00', '15', '2', 'aaaaaaaa|aaaaaaaa|aaaaaaaa|aaaaaaaa|aaaaaaaa|aaaaaaaa|aaaaaaaa|aaaaaaaa|');
INSERT INTO `show` VALUES ('5', 'UKnow', '20:00', '30', '3', 'aaaaaaaa|aaaaaaaa|aaaaaaaa|aaaaaaaa|aaaaaaaa|aaaaaaaa|aaaaaaaa|aaaaaaaa|');
INSERT INTO `show` VALUES ('6', 'UKnow', '22:00', '20', '4', 'aaaaaaaa|aaaaaaaa|aaaaaaaa|aaaaaaaa|aaaaaaaa|aaaaaaaa|aaaaaaaa|aaaaaaaa|');
INSERT INTO `show` VALUES ('7', 'EyeBrand', '10:20', '70', '2', 'aaa__aaa|aaa__aaa|aaa__aaa|aaa__aaa|aaa__aaa|aaa__aaa|aaa__aaa|aaa__aaa|');
INSERT INTO `show` VALUES ('8', 'EyeBrand', '15:00', '70', '5', 'aaa__aaa|aaa__aaa|aaa__aaa|aaa__aaa|aaa__aaa|aaa__aaa|aaa__aaa|aaa__aaa|');
INSERT INTO `show` VALUES ('9', 'EyeBrand', '20:00', '70', '6', 'aaa__aaa|aaa__aaa|aaa__aaa|aaa__aaa|aaa__aaa|aaa__aaa|aaa__aaa|aaa__aaa|');
INSERT INTO `show` VALUES ('10', 'BigFeel', '08:00', '35', '4', 'aa_aa_aa|aa_aa_aa|aa_aa_aa|aa_aa_aa|aa_aa_aa|aa_aa_aa|aa_aa_aa|aa_aa_aa|');
INSERT INTO `show` VALUES ('11', 'BigFeel', '10:00', '42', '6', 'aa_aa_aa|aa_aa_aa|aa_aa_aa|aa_aa_aa|aa_aa_aa|aa_aa_aa|aa_aa_aa|aa_aa_aa|');
INSERT INTO `show` VALUES ('12', 'BigFeel', '14:00', '30', '8', 'aa_aa_aa|aa_aa_aa|aa_aa_aa|aa_aa_aa|aa_aa_aa|aa_aa_aa|aa_aa_aa|aa_aa_aa|');
INSERT INTO `show` VALUES ('13', 'BigFeel', '16:00', '20', '10', 'aa_aa_aa|aa_aa_aa|aa_aa_aa|aa_aa_aa|aa_aa_aa|aa_aa_aa|aa_aa_aa|aa_aa_aa|');
INSERT INTO `show` VALUES ('14', 'Happy', '09:30', '50', '9', 'aaaaaaaa|_aaaaaa_|_aaaaaa_|_aaaaaa_|_aaaaaa_|aaaaaaaa|_aaaaaa_|aaaaaaaa|');
INSERT INTO `show` VALUES ('15', 'Happy', '19:30', '50', '7', 'aaaaaaaa|_aaaaaa_|_aaaaaa_|_aaaaaa_|_aaaaaa_|aaaaaaaa|_aaaaaa_|aaaaaaaa|');
INSERT INTO `show` VALUES ('16', 'UKnow', '16:00', '20', '2', 'aaaaaaaa|_aaaaaa_|_aaaaaa_|_aaaaaa_|_aaaaaa_|aaaaaaaa|_aaaaaa_|aaaaaaaa|');
INSERT INTO `show` VALUES ('17', 'BigFeel', '09:00', '35', '4', 'aa_aa_aa|aa_aa_aa|aa_aa_aa|aa_aa_aa|aa_aa_aa|aa_aa_aa|aa_aa_aa|aa_aa_aa|');
INSERT INTO `show` VALUES ('18', 'BigFeel', '12:00', '42', '6', 'aa_aa_aa|aa_aa_aa|aa_aa_aa|aa_aa_aa|aa_aa_aa|aa_aa_aa|aa_aa_aa|aa_aa_aa|');
INSERT INTO `show` VALUES ('19', 'BigFeel', '08:00', '30', '3', 'aaaaaaaa|aaaaaaaa|aaaaaaaa|aaaaaaaa|aaaaaaaa|aaaaaaaa|aaaaaaaa|aaaaaaaa|');
INSERT INTO `show` VALUES ('20', 'BigFeel', '10:00', '40', '3', 'aaaaaaaa|aaaaaaaa|aaaaaaaa|aaaaaaaa|aaaaaaaa|aaaaaaaa|aaaaaaaa|aaaaaaaa|');
INSERT INTO `show` VALUES ('21', 'EyeBrand', '17:00', '20', '5', 'aaaaaaaa|_aaaaaa_|_aaaaaa_|_aaaaaa_|_aaaaaa_|aaaaaaaa|_aaaaaa_|aaaaaaaa|');
INSERT INTO `show` VALUES ('22', 'UKnow', '08:28', '100', '5', 'aaa__aaa|aaa__aaa|aaa__aaa|aaa__aaa|aaa__aaa|aaa__aaa|aaa__aaa|aaa__aaa|');
INSERT INTO `show` VALUES ('23', 'Happy', '21:28', '18', '7', 'aaaaaaaa|_aaaaaa_|_aaaaaa_|_aaaaaa_|_aaaaaa_|aaaaaaaa|_aaaaaa_|aaaaaaaa|');
INSERT INTO `show` VALUES ('24', 'EyeBrand', '12:35', '97', '7', 'aaaaaaaa|_aaaaaa_|_aaaaaa_|_aaaaaa_|_aaaaaa_|aaaaaaaa|_aaaaaa_|aaaaaaaa|');
INSERT INTO `show` VALUES ('25', 'BigFeel', '15:00', '82', '8', 'aa_aa_aa|aa_aa_aa|aa_aa_aa|aa_aa_aa|aa_aa_aa|aa_aa_aa|aa_aa_aa|aa_aa_aa|');
INSERT INTO `show` VALUES ('26', 'UKnow', '08:30', '15', '8', 'aaaaaaaa|_aaaaaa_|_aaaaaa_|_aaaaaa_|_aaaaaa_|aaaaaaaa|_aaaaaa_|aaaaaaaa|');
INSERT INTO `show` VALUES ('27', 'Happy', '12:30', '30', '9', 'aaaaaaaa|_aaaaaa_|_aaaaaa_|_aaaaaa_|_aaaaaa_|aaaaaaaa|_aaaaaa_|aaaaaaaa|');
INSERT INTO `show` VALUES ('28', 'UKnow', '07:00', '28', '9', 'aa_aa_aa|aa_aa_aa|aa_aa_aa|aa_aa_aa|aa_aa_aa|aa_aa_aa|aa_aa_aa|aa_aa_aa|');
INSERT INTO `show` VALUES ('29', 'BigFeel', '19:30', '40', '10', 'aaaaaaaa|_aaaaaa_|_aaaaaa_|_aaaaaa_|_aaaaaa_|aaaaaaaa|_aaaaaa_|aaaaaaaa|');
INSERT INTO `show` VALUES ('30', 'EyeBrand', '08:30', '50', '10', 'aa_aa_aa|aa_aa_aa|aa_aa_aa|aa_aa_aa|aa_aa_aa|aa_aa_aa|aa_aa_aa|aa_aa_aa|');

-- ----------------------------
-- Table structure for tag
-- ----------------------------
DROP TABLE IF EXISTS `tag`;
CREATE TABLE `tag` (
  `id` int(11) NOT NULL AUTO_INCREMENT,
  `name` varchar(255) DEFAULT NULL,
  PRIMARY KEY (`id`)
) ENGINE=InnoDB AUTO_INCREMENT=5 DEFAULT CHARSET=utf8;

-- ----------------------------
-- Records of tag
-- ----------------------------
INSERT INTO `tag` VALUES ('1', 'Featured');
INSERT INTO `tag` VALUES ('2', 'Top Viewed');
INSERT INTO `tag` VALUES ('3', 'Top Rating');
INSERT INTO `tag` VALUES ('4', 'Recently Added');

-- ----------------------------
-- Table structure for tag_movie
-- ----------------------------
DROP TABLE IF EXISTS `tag_movie`;
CREATE TABLE `tag_movie` (
  `tag_id` bigint(11) NOT NULL,
  `movie_id` bigint(11) NOT NULL,
  PRIMARY KEY (`tag_id`,`movie_id`)
) ENGINE=InnoDB DEFAULT CHARSET=utf8;

-- ----------------------------
-- Records of tag_movie
-- ----------------------------
INSERT INTO `tag_movie` VALUES ('1', '1');
INSERT INTO `tag_movie` VALUES ('1', '2');
INSERT INTO `tag_movie` VALUES ('1', '3');
INSERT INTO `tag_movie` VALUES ('1', '4');
INSERT INTO `tag_movie` VALUES ('1', '5');
INSERT INTO `tag_movie` VALUES ('1', '6');
INSERT INTO `tag_movie` VALUES ('1', '7');
INSERT INTO `tag_movie` VALUES ('1', '8');
INSERT INTO `tag_movie` VALUES ('1', '9');
INSERT INTO `tag_movie` VALUES ('1', '10');
INSERT INTO `tag_movie` VALUES ('2', '2');
INSERT INTO `tag_movie` VALUES ('2', '4');
INSERT INTO `tag_movie` VALUES ('2', '6');
INSERT INTO `tag_movie` VALUES ('2', '8');
INSERT INTO `tag_movie` VALUES ('2', '10');
INSERT INTO `tag_movie` VALUES ('3', '1');
INSERT INTO `tag_movie` VALUES ('3', '3');
INSERT INTO `tag_movie` VALUES ('3', '5');
INSERT INTO `tag_movie` VALUES ('3', '7');
INSERT INTO `tag_movie` VALUES ('3', '9');
INSERT INTO `tag_movie` VALUES ('4', '6');
INSERT INTO `tag_movie` VALUES ('4', '7');
INSERT INTO `tag_movie` VALUES ('4', '8');
INSERT INTO `tag_movie` VALUES ('4', '9');

-- ----------------------------
-- Table structure for user
-- ----------------------------
DROP TABLE IF EXISTS `user`;
CREATE TABLE `user` (
  `id` bigint(20) NOT NULL AUTO_INCREMENT,
  `email` varchar(255) DEFAULT NULL,
  `icon_path` varchar(255) DEFAULT NULL,
  `first_name` varchar(255) DEFAULT NULL,
  `last_name` varchar(255) DEFAULT NULL,
  `password` varchar(255) DEFAULT NULL,
  PRIMARY KEY (`id`)
) ENGINE=InnoDB AUTO_INCREMENT=2 DEFAULT CHARSET=utf8;

-- ----------------------------
-- Records of user
-- ----------------------------
INSERT INTO `user` VALUES ('1', '345', '/images/user_icon/p1.png', 'abc', 'def', '1234');
SET FOREIGN_KEY_CHECKS=1;
